<?xml version="1.0" encoding="UTF-8"?>
<!DOCTYPE mapper PUBLIC "-//mybatis.org//DTD Mapper 3.0//EN" "http://mybatis.org/dtd/mybatis-3-mapper.dtd">
<mapper namespace="com.example.hotel.mapper.HotelInfoMapper">
  <resultMap id="BaseResultMap" type="com.example.hotel.entity.HotelInfo">
    <!--
      WARNING - @mbg.generated
      This element is automatically generated by MyBatis Generator, do not modify.
      This element was generated on Thu Dec 05 17:40:38 GMT 2024.
    -->
    <id column="id" jdbcType="BIGINT" property="id" />
    <result column="hotel_name" jdbcType="VARCHAR" property="hotelName" />
    <result column="city" jdbcType="VARCHAR" property="city" />
    <result column="address" jdbcType="VARCHAR" property="address" />
    <result column="phone" jdbcType="VARCHAR" property="phone" />
    <result column="level" jdbcType="TINYINT" property="level" />
    <result column="update_time" jdbcType="TIMESTAMP" property="updateTime" />
    <result column="create_time" jdbcType="TIMESTAMP" property="createTime" />
    <result column="is_deleted" jdbcType="TINYINT" property="isDeleted" />
  </resultMap>
  <sql id="Example_Where_Clause">
    <!--
      WARNING - @mbg.generated
      This element is automatically generated by MyBatis Generator, do not modify.
      This element was generated on Thu Dec 05 17:40:38 GMT 2024.
    -->
    <where>
      <foreach collection="oredCriteria" item="criteria" separator="or">
        <if test="criteria.valid">
          <trim prefix="(" prefixOverrides="and" suffix=")">
            <foreach collection="criteria.criteria" item="criterion">
              <choose>
                <when test="criterion.noValue">
                  and ${criterion.condition}
                </when>
                <when test="criterion.singleValue">
                  and ${criterion.condition} #{criterion.value}
                </when>
                <when test="criterion.betweenValue">
                  and ${criterion.condition} #{criterion.value} and #{criterion.secondValue}
                </when>
                <when test="criterion.listValue">
                  and ${criterion.condition}
                  <foreach close=")" collection="criterion.value" item="listItem" open="(" separator=",">
                    #{listItem}
                  </foreach>
                </when>
              </choose>
            </foreach>
          </trim>
        </if>
      </foreach>
    </where>
  </sql>
  <sql id="Update_By_Example_Where_Clause">
    <!--
      WARNING - @mbg.generated
      This element is automatically generated by MyBatis Generator, do not modify.
      This element was generated on Thu Dec 05 17:40:38 GMT 2024.
    -->
    <where>
      <foreach collection="example.oredCriteria" item="criteria" separator="or">
        <if test="criteria.valid">
          <trim prefix="(" prefixOverrides="and" suffix=")">
            <foreach collection="criteria.criteria" item="criterion">
              <choose>
                <when test="criterion.noValue">
                  and ${criterion.condition}
                </when>
                <when test="criterion.singleValue">
                  and ${criterion.condition} #{criterion.value}
                </when>
                <when test="criterion.betweenValue">
                  and ${criterion.condition} #{criterion.value} and #{criterion.secondValue}
                </when>
                <when test="criterion.listValue">
                  and ${criterion.condition}
                  <foreach close=")" collection="criterion.value" item="listItem" open="(" separator=",">
                    #{listItem}
                  </foreach>
                </when>
              </choose>
            </foreach>
          </trim>
        </if>
      </foreach>
    </where>
  </sql>
  <sql id="Base_Column_List">
    <!--
      WARNING - @mbg.generated
      This element is automatically generated by MyBatis Generator, do not modify.
      This element was generated on Thu Dec 05 17:40:38 GMT 2024.
    -->
    id, hotel_name, city, address, phone, level, update_time, create_time, is_deleted
  </sql>
  <select id="selectByExample" parameterType="com.example.hotel.entity.HotelInfoExample" resultMap="BaseResultMap">
    <!--
      WARNING - @mbg.generated
      This element is automatically generated by MyBatis Generator, do not modify.
      This element was generated on Thu Dec 05 17:40:38 GMT 2024.
    -->
    select
    <if test="distinct">
      distinct
    </if>
    <include refid="Base_Column_List" />
    from hotel_info
    <if test="_parameter != null">
      <include refid="Example_Where_Clause" />
    </if>
    <if test="orderByClause != null">
      order by ${orderByClause}
    </if>
  </select>
  <select id="selectByPrimaryKey" parameterType="java.lang.Long" resultMap="BaseResultMap">
    <!--
      WARNING - @mbg.generated
      This element is automatically generated by MyBatis Generator, do not modify.
      This element was generated on Thu Dec 05 17:40:38 GMT 2024.
    -->
    select 
    <include refid="Base_Column_List" />
    from hotel_info
    where id = #{id,jdbcType=BIGINT}
  </select>
  <delete id="deleteByPrimaryKey" parameterType="java.lang.Long">
    <!--
      WARNING - @mbg.generated
      This element is automatically generated by MyBatis Generator, do not modify.
      This element was generated on Thu Dec 05 17:40:38 GMT 2024.
    -->
    delete from hotel_info
    where id = #{id,jdbcType=BIGINT}
  </delete>
  <delete id="deleteByExample" parameterType="com.example.hotel.entity.HotelInfoExample">
    <!--
      WARNING - @mbg.generated
      This element is automatically generated by MyBatis Generator, do not modify.
      This element was generated on Thu Dec 05 17:40:38 GMT 2024.
    -->
    delete from hotel_info
    <if test="_parameter != null">
      <include refid="Example_Where_Clause" />
    </if>
  </delete>
  <insert id="insert" parameterType="com.example.hotel.entity.HotelInfo">
    <!--
      WARNING - @mbg.generated
      This element is automatically generated by MyBatis Generator, do not modify.
      This element was generated on Thu Dec 05 17:40:38 GMT 2024.
    -->
    <selectKey keyProperty="id" order="AFTER" resultType="java.lang.Long">
      SELECT LAST_INSERT_ID()
    </selectKey>
    insert into hotel_info (hotel_name, city, address, 
      phone, level, update_time, 
      create_time, is_deleted)
    values (#{hotelName,jdbcType=VARCHAR}, #{city,jdbcType=VARCHAR}, #{address,jdbcType=VARCHAR}, 
      #{phone,jdbcType=VARCHAR}, #{level,jdbcType=TINYINT}, #{updateTime,jdbcType=TIMESTAMP}, 
      #{createTime,jdbcType=TIMESTAMP}, #{isDeleted,jdbcType=TINYINT})
  </insert>
  <insert id="insertSelective" parameterType="com.example.hotel.entity.HotelInfo">
    <!--
      WARNING - @mbg.generated
      This element is automatically generated by MyBatis Generator, do not modify.
      This element was generated on Thu Dec 05 17:40:38 GMT 2024.
    -->
    <selectKey keyProperty="id" order="AFTER" resultType="java.lang.Long">
      SELECT LAST_INSERT_ID()
    </selectKey>
    insert into hotel_info
    <trim prefix="(" suffix=")" suffixOverrides=",">
      <if test="hotelName != null">
        hotel_name,
      </if>
      <if test="city != null">
        city,
      </if>
      <if test="address != null">
        address,
      </if>
      <if test="phone != null">
        phone,
      </if>
      <if test="level != null">
        level,
      </if>
      <if test="updateTime != null">
        update_time,
      </if>
      <if test="createTime != null">
        create_time,
      </if>
      <if test="isDeleted != null">
        is_deleted,
      </if>
    </trim>
    <trim prefix="values (" suffix=")" suffixOverrides=",">
      <if test="hotelName != null">
        #{hotelName,jdbcType=VARCHAR},
      </if>
      <if test="city != null">
        #{city,jdbcType=VARCHAR},
      </if>
      <if test="address != null">
        #{address,jdbcType=VARCHAR},
      </if>
      <if test="phone != null">
        #{phone,jdbcType=VARCHAR},
      </if>
      <if test="level != null">
        #{level,jdbcType=TINYINT},
      </if>
      <if test="updateTime != null">
        #{updateTime,jdbcType=TIMESTAMP},
      </if>
      <if test="createTime != null">
        #{createTime,jdbcType=TIMESTAMP},
      </if>
      <if test="isDeleted != null">
        #{isDeleted,jdbcType=TINYINT},
      </if>
    </trim>
  </insert>
  <select id="countByExample" parameterType="com.example.hotel.entity.HotelInfoExample" resultType="java.lang.Long">
    <!--
      WARNING - @mbg.generated
      This element is automatically generated by MyBatis Generator, do not modify.
      This element was generated on Thu Dec 05 17:40:38 GMT 2024.
    -->
    select count(*) from hotel_info
    <if test="_parameter != null">
      <include refid="Example_Where_Clause" />
    </if>
  </select>
  <update id="updateByExampleSelective" parameterType="map">
    <!--
      WARNING - @mbg.generated
      This element is automatically generated by MyBatis Generator, do not modify.
      This element was generated on Thu Dec 05 17:40:38 GMT 2024.
    -->
    update hotel_info
    <set>
      <if test="row.id != null">
        id = #{row.id,jdbcType=BIGINT},
      </if>
      <if test="row.hotelName != null">
        hotel_name = #{row.hotelName,jdbcType=VARCHAR},
      </if>
      <if test="row.city != null">
        city = #{row.city,jdbcType=VARCHAR},
      </if>
      <if test="row.address != null">
        address = #{row.address,jdbcType=VARCHAR},
      </if>
      <if test="row.phone != null">
        phone = #{row.phone,jdbcType=VARCHAR},
      </if>
      <if test="row.level != null">
        level = #{row.level,jdbcType=TINYINT},
      </if>
      <if test="row.updateTime != null">
        update_time = #{row.updateTime,jdbcType=TIMESTAMP},
      </if>
      <if test="row.createTime != null">
        create_time = #{row.createTime,jdbcType=TIMESTAMP},
      </if>
      <if test="row.isDeleted != null">
        is_deleted = #{row.isDeleted,jdbcType=TINYINT},
      </if>
    </set>
    <if test="example != null">
      <include refid="Update_By_Example_Where_Clause" />
    </if>
  </update>
  <update id="updateByExample" parameterType="map">
    <!--
      WARNING - @mbg.generated
      This element is automatically generated by MyBatis Generator, do not modify.
      This element was generated on Thu Dec 05 17:40:38 GMT 2024.
    -->
    update hotel_info
    set id = #{row.id,jdbcType=BIGINT},
      hotel_name = #{row.hotelName,jdbcType=VARCHAR},
      city = #{row.city,jdbcType=VARCHAR},
      address = #{row.address,jdbcType=VARCHAR},
      phone = #{row.phone,jdbcType=VARCHAR},
      level = #{row.level,jdbcType=TINYINT},
      update_time = #{row.updateTime,jdbcType=TIMESTAMP},
      create_time = #{row.createTime,jdbcType=TIMESTAMP},
      is_deleted = #{row.isDeleted,jdbcType=TINYINT}
    <if test="example != null">
      <include refid="Update_By_Example_Where_Clause" />
    </if>
  </update>
  <update id="updateByPrimaryKeySelective" parameterType="com.example.hotel.entity.HotelInfo">
    <!--
      WARNING - @mbg.generated
      This element is automatically generated by MyBatis Generator, do not modify.
      This element was generated on Thu Dec 05 17:40:38 GMT 2024.
    -->
    update hotel_info
    <set>
      <if test="hotelName != null">
        hotel_name = #{hotelName,jdbcType=VARCHAR},
      </if>
      <if test="city != null">
        city = #{city,jdbcType=VARCHAR},
      </if>
      <if test="address != null">
        address = #{address,jdbcType=VARCHAR},
      </if>
      <if test="phone != null">
        phone = #{phone,jdbcType=VARCHAR},
      </if>
      <if test="level != null">
        level = #{level,jdbcType=TINYINT},
      </if>
      <if test="updateTime != null">
        update_time = #{updateTime,jdbcType=TIMESTAMP},
      </if>
      <if test="createTime != null">
        create_time = #{createTime,jdbcType=TIMESTAMP},
      </if>
      <if test="isDeleted != null">
        is_deleted = #{isDeleted,jdbcType=TINYINT},
      </if>
    </set>
    where id = #{id,jdbcType=BIGINT}
  </update>
  <update id="updateByPrimaryKey" parameterType="com.example.hotel.entity.HotelInfo">
    <!--
      WARNING - @mbg.generated
      This element is automatically generated by MyBatis Generator, do not modify.
      This element was generated on Thu Dec 05 17:40:38 GMT 2024.
    -->
    update hotel_info
    set hotel_name = #{hotelName,jdbcType=VARCHAR},
      city = #{city,jdbcType=VARCHAR},
      address = #{address,jdbcType=VARCHAR},
      phone = #{phone,jdbcType=VARCHAR},
      level = #{level,jdbcType=TINYINT},
      update_time = #{updateTime,jdbcType=TIMESTAMP},
      create_time = #{createTime,jdbcType=TIMESTAMP},
      is_deleted = #{isDeleted,jdbcType=TINYINT}
    where id = #{id,jdbcType=BIGINT}
  </update>
</mapper>