<?xml version="1.0" encoding="UTF-8"?>
<!DOCTYPE mapper PUBLIC "-//mybatis.org//DTD Mapper 3.0//EN" "http://mybatis.org/dtd/mybatis-3-mapper.dtd">
<mapper namespace="com.example.hotel.mapper.LogInfoMapper">
  <resultMap id="BaseResultMap" type="com.example.hotel.entity.LogInfo">
    <!--
      WARNING - @mbg.generated
      This element is automatically generated by MyBatis Generator, do not modify.
      This element was generated on Wed Nov 13 23:35:15 GMT 2024.
    -->
    <id column="id" jdbcType="BIGINT" property="id" />
    <result column="url" jdbcType="VARCHAR" property="url" />
    <result column="params" jdbcType="VARCHAR" property="params" />
    <result column="method" jdbcType="VARCHAR" property="method" />
    <result column="operator" jdbcType="VARCHAR" property="operator" />
  </resultMap>
  <sql id="Example_Where_Clause">
    <!--
      WARNING - @mbg.generated
      This element is automatically generated by MyBatis Generator, do not modify.
      This element was generated on Wed Nov 13 23:35:15 GMT 2024.
    -->
    <where>
      <foreach collection="oredCriteria" item="criteria" separator="or">
        <if test="criteria.valid">
          <trim prefix="(" prefixOverrides="and" suffix=")">
            <foreach collection="criteria.criteria" item="criterion">
              <choose>
                <when test="criterion.noValue">
                  and ${criterion.condition}
                </when>
                <when test="criterion.singleValue">
                  and ${criterion.condition} #{criterion.value}
                </when>
                <when test="criterion.betweenValue">
                  and ${criterion.condition} #{criterion.value} and #{criterion.secondValue}
                </when>
                <when test="criterion.listValue">
                  and ${criterion.condition}
                  <foreach close=")" collection="criterion.value" item="listItem" open="(" separator=",">
                    #{listItem}
                  </foreach>
                </when>
              </choose>
            </foreach>
          </trim>
        </if>
      </foreach>
    </where>
  </sql>
  <sql id="Update_By_Example_Where_Clause">
    <!--
      WARNING - @mbg.generated
      This element is automatically generated by MyBatis Generator, do not modify.
      This element was generated on Wed Nov 13 23:35:15 GMT 2024.
    -->
    <where>
      <foreach collection="example.oredCriteria" item="criteria" separator="or">
        <if test="criteria.valid">
          <trim prefix="(" prefixOverrides="and" suffix=")">
            <foreach collection="criteria.criteria" item="criterion">
              <choose>
                <when test="criterion.noValue">
                  and ${criterion.condition}
                </when>
                <when test="criterion.singleValue">
                  and ${criterion.condition} #{criterion.value}
                </when>
                <when test="criterion.betweenValue">
                  and ${criterion.condition} #{criterion.value} and #{criterion.secondValue}
                </when>
                <when test="criterion.listValue">
                  and ${criterion.condition}
                  <foreach close=")" collection="criterion.value" item="listItem" open="(" separator=",">
                    #{listItem}
                  </foreach>
                </when>
              </choose>
            </foreach>
          </trim>
        </if>
      </foreach>
    </where>
  </sql>
  <sql id="Base_Column_List">
    <!--
      WARNING - @mbg.generated
      This element is automatically generated by MyBatis Generator, do not modify.
      This element was generated on Wed Nov 13 23:35:15 GMT 2024.
    -->
    id, url, params, method, operator
  </sql>
  <select id="selectByExample" parameterType="com.example.hotel.entity.LogInfoExample" resultMap="BaseResultMap">
    <!--
      WARNING - @mbg.generated
      This element is automatically generated by MyBatis Generator, do not modify.
      This element was generated on Wed Nov 13 23:35:15 GMT 2024.
    -->
    select
    <if test="distinct">
      distinct
    </if>
    <include refid="Base_Column_List" />
    from log_info
    <if test="_parameter != null">
      <include refid="Example_Where_Clause" />
    </if>
    <if test="orderByClause != null">
      order by ${orderByClause}
    </if>
  </select>
  <select id="selectByPrimaryKey" parameterType="java.lang.Long" resultMap="BaseResultMap">
    <!--
      WARNING - @mbg.generated
      This element is automatically generated by MyBatis Generator, do not modify.
      This element was generated on Wed Nov 13 23:35:15 GMT 2024.
    -->
    select 
    <include refid="Base_Column_List" />
    from log_info
    where id = #{id,jdbcType=BIGINT}
  </select>
  <delete id="deleteByPrimaryKey" parameterType="java.lang.Long">
    <!--
      WARNING - @mbg.generated
      This element is automatically generated by MyBatis Generator, do not modify.
      This element was generated on Wed Nov 13 23:35:15 GMT 2024.
    -->
    delete from log_info
    where id = #{id,jdbcType=BIGINT}
  </delete>
  <delete id="deleteByExample" parameterType="com.example.hotel.entity.LogInfoExample">
    <!--
      WARNING - @mbg.generated
      This element is automatically generated by MyBatis Generator, do not modify.
      This element was generated on Wed Nov 13 23:35:15 GMT 2024.
    -->
    delete from log_info
    <if test="_parameter != null">
      <include refid="Example_Where_Clause" />
    </if>
  </delete>
  <insert id="insert" parameterType="com.example.hotel.entity.LogInfo">
    <!--
      WARNING - @mbg.generated
      This element is automatically generated by MyBatis Generator, do not modify.
      This element was generated on Wed Nov 13 23:35:15 GMT 2024.
    -->
    <selectKey keyProperty="id" order="AFTER" resultType="java.lang.Long">
      SELECT LAST_INSERT_ID()
    </selectKey>
    insert into log_info (url, params, method, 
      operator)
    values (#{url,jdbcType=VARCHAR}, #{params,jdbcType=VARCHAR}, #{method,jdbcType=VARCHAR}, 
      #{operator,jdbcType=VARCHAR})
  </insert>
  <insert id="insertSelective" parameterType="com.example.hotel.entity.LogInfo">
    <!--
      WARNING - @mbg.generated
      This element is automatically generated by MyBatis Generator, do not modify.
      This element was generated on Wed Nov 13 23:35:15 GMT 2024.
    -->
    <selectKey keyProperty="id" order="AFTER" resultType="java.lang.Long">
      SELECT LAST_INSERT_ID()
    </selectKey>
    insert into log_info
    <trim prefix="(" suffix=")" suffixOverrides=",">
      <if test="url != null">
        url,
      </if>
      <if test="params != null">
        params,
      </if>
      <if test="method != null">
        method,
      </if>
      <if test="operator != null">
        operator,
      </if>
    </trim>
    <trim prefix="values (" suffix=")" suffixOverrides=",">
      <if test="url != null">
        #{url,jdbcType=VARCHAR},
      </if>
      <if test="params != null">
        #{params,jdbcType=VARCHAR},
      </if>
      <if test="method != null">
        #{method,jdbcType=VARCHAR},
      </if>
      <if test="operator != null">
        #{operator,jdbcType=VARCHAR},
      </if>
    </trim>
  </insert>
  <select id="countByExample" parameterType="com.example.hotel.entity.LogInfoExample" resultType="java.lang.Long">
    <!--
      WARNING - @mbg.generated
      This element is automatically generated by MyBatis Generator, do not modify.
      This element was generated on Wed Nov 13 23:35:15 GMT 2024.
    -->
    select count(*) from log_info
    <if test="_parameter != null">
      <include refid="Example_Where_Clause" />
    </if>
  </select>
  <update id="updateByExampleSelective" parameterType="map">
    <!--
      WARNING - @mbg.generated
      This element is automatically generated by MyBatis Generator, do not modify.
      This element was generated on Wed Nov 13 23:35:15 GMT 2024.
    -->
    update log_info
    <set>
      <if test="row.id != null">
        id = #{row.id,jdbcType=BIGINT},
      </if>
      <if test="row.url != null">
        url = #{row.url,jdbcType=VARCHAR},
      </if>
      <if test="row.params != null">
        params = #{row.params,jdbcType=VARCHAR},
      </if>
      <if test="row.method != null">
        method = #{row.method,jdbcType=VARCHAR},
      </if>
      <if test="row.operator != null">
        operator = #{row.operator,jdbcType=VARCHAR},
      </if>
    </set>
    <if test="example != null">
      <include refid="Update_By_Example_Where_Clause" />
    </if>
  </update>
  <update id="updateByExample" parameterType="map">
    <!--
      WARNING - @mbg.generated
      This element is automatically generated by MyBatis Generator, do not modify.
      This element was generated on Wed Nov 13 23:35:15 GMT 2024.
    -->
    update log_info
    set id = #{row.id,jdbcType=BIGINT},
      url = #{row.url,jdbcType=VARCHAR},
      params = #{row.params,jdbcType=VARCHAR},
      method = #{row.method,jdbcType=VARCHAR},
      operator = #{row.operator,jdbcType=VARCHAR}
    <if test="example != null">
      <include refid="Update_By_Example_Where_Clause" />
    </if>
  </update>
  <update id="updateByPrimaryKeySelective" parameterType="com.example.hotel.entity.LogInfo">
    <!--
      WARNING - @mbg.generated
      This element is automatically generated by MyBatis Generator, do not modify.
      This element was generated on Wed Nov 13 23:35:15 GMT 2024.
    -->
    update log_info
    <set>
      <if test="url != null">
        url = #{url,jdbcType=VARCHAR},
      </if>
      <if test="params != null">
        params = #{params,jdbcType=VARCHAR},
      </if>
      <if test="method != null">
        method = #{method,jdbcType=VARCHAR},
      </if>
      <if test="operator != null">
        operator = #{operator,jdbcType=VARCHAR},
      </if>
    </set>
    where id = #{id,jdbcType=BIGINT}
  </update>
  <update id="updateByPrimaryKey" parameterType="com.example.hotel.entity.LogInfo">
    <!--
      WARNING - @mbg.generated
      This element is automatically generated by MyBatis Generator, do not modify.
      This element was generated on Wed Nov 13 23:35:15 GMT 2024.
    -->
    update log_info
    set url = #{url,jdbcType=VARCHAR},
      params = #{params,jdbcType=VARCHAR},
      method = #{method,jdbcType=VARCHAR},
      operator = #{operator,jdbcType=VARCHAR}
    where id = #{id,jdbcType=BIGINT}
  </update>
</mapper>