<?xml version="1.0" encoding="UTF-8"?>
<!DOCTYPE mapper PUBLIC "-//mybatis.org//DTD Mapper 3.0//EN" "http://mybatis.org/dtd/mybatis-3-mapper.dtd">
<mapper namespace="com.example.hotel.mapper.OrderDetailMapper">
  <resultMap id="BaseResultMap" type="com.example.hotel.entity.OrderDetail">
    <!--
      WARNING - @mbg.generated
      This element is automatically generated by MyBatis Generator, do not modify.
      This element was generated on Wed Nov 13 02:18:05 GMT 2024.
    -->
    <id column="id" jdbcType="BIGINT" property="id" />
    <result column="order_id" jdbcType="BIGINT" property="orderId" />
    <result column="user_id" jdbcType="VARCHAR" property="userId" />
    <result column="room_number" jdbcType="VARCHAR" property="roomNumber" />
    <result column="price_difference" jdbcType="DOUBLE" property="priceDifference" />
    <result column="update_time" jdbcType="TIMESTAMP" property="updateTime" />
    <result column="create_time" jdbcType="TIMESTAMP" property="createTime" />
    <result column="is_deleted" jdbcType="TINYINT" property="isDeleted" />
    <result column="remark" jdbcType="VARCHAR" property="remark" />
    <result column="room_type_id" jdbcType="BIGINT" property="roomTypeId" />
    <result column="original_room_type_id" jdbcType="BIGINT" property="originalRoomTypeId" />
    <result column="status" jdbcType="TINYINT" property="status" />
    <result column="price" jdbcType="DECIMAL" property="price" />
    <result column="change_type" jdbcType="TINYINT" property="changeType" />
    <result column="change_date" jdbcType="DATE" property="changeDate" />
    <result column="guest_name" jdbcType="VARCHAR" property="guestName" />
  </resultMap>
  <sql id="Example_Where_Clause">
    <!--
      WARNING - @mbg.generated
      This element is automatically generated by MyBatis Generator, do not modify.
      This element was generated on Wed Nov 13 02:18:05 GMT 2024.
    -->
    <where>
      <foreach collection="oredCriteria" item="criteria" separator="or">
        <if test="criteria.valid">
          <trim prefix="(" prefixOverrides="and" suffix=")">
            <foreach collection="criteria.criteria" item="criterion">
              <choose>
                <when test="criterion.noValue">
                  and ${criterion.condition}
                </when>
                <when test="criterion.singleValue">
                  and ${criterion.condition} #{criterion.value}
                </when>
                <when test="criterion.betweenValue">
                  and ${criterion.condition} #{criterion.value} and #{criterion.secondValue}
                </when>
                <when test="criterion.listValue">
                  and ${criterion.condition}
                  <foreach close=")" collection="criterion.value" item="listItem" open="(" separator=",">
                    #{listItem}
                  </foreach>
                </when>
              </choose>
            </foreach>
          </trim>
        </if>
      </foreach>
    </where>
  </sql>
  <sql id="Update_By_Example_Where_Clause">
    <!--
      WARNING - @mbg.generated
      This element is automatically generated by MyBatis Generator, do not modify.
      This element was generated on Wed Nov 13 02:18:05 GMT 2024.
    -->
    <where>
      <foreach collection="example.oredCriteria" item="criteria" separator="or">
        <if test="criteria.valid">
          <trim prefix="(" prefixOverrides="and" suffix=")">
            <foreach collection="criteria.criteria" item="criterion">
              <choose>
                <when test="criterion.noValue">
                  and ${criterion.condition}
                </when>
                <when test="criterion.singleValue">
                  and ${criterion.condition} #{criterion.value}
                </when>
                <when test="criterion.betweenValue">
                  and ${criterion.condition} #{criterion.value} and #{criterion.secondValue}
                </when>
                <when test="criterion.listValue">
                  and ${criterion.condition}
                  <foreach close=")" collection="criterion.value" item="listItem" open="(" separator=",">
                    #{listItem}
                  </foreach>
                </when>
              </choose>
            </foreach>
          </trim>
        </if>
      </foreach>
    </where>
  </sql>
  <sql id="Base_Column_List">
    <!--
      WARNING - @mbg.generated
      This element is automatically generated by MyBatis Generator, do not modify.
      This element was generated on Wed Nov 13 02:18:05 GMT 2024.
    -->
    id, order_id, user_id, room_number, price_difference, update_time, create_time, is_deleted, 
    remark, room_type_id, original_room_type_id, status, price, change_type, change_date, 
    guest_name
  </sql>
  <select id="selectByExample" parameterType="com.example.hotel.entity.OrderDetailExample" resultMap="BaseResultMap">
    <!--
      WARNING - @mbg.generated
      This element is automatically generated by MyBatis Generator, do not modify.
      This element was generated on Wed Nov 13 02:18:05 GMT 2024.
    -->
    select
    <if test="distinct">
      distinct
    </if>
    <include refid="Base_Column_List" />
    from order_detail
    <if test="_parameter != null">
      <include refid="Example_Where_Clause" />
    </if>
    <if test="orderByClause != null">
      order by ${orderByClause}
    </if>
  </select>
  <select id="selectByPrimaryKey" parameterType="java.lang.Long" resultMap="BaseResultMap">
    <!--
      WARNING - @mbg.generated
      This element is automatically generated by MyBatis Generator, do not modify.
      This element was generated on Wed Nov 13 02:18:05 GMT 2024.
    -->
    select 
    <include refid="Base_Column_List" />
    from order_detail
    where id = #{id,jdbcType=BIGINT}
  </select>
  <delete id="deleteByPrimaryKey" parameterType="java.lang.Long">
    <!--
      WARNING - @mbg.generated
      This element is automatically generated by MyBatis Generator, do not modify.
      This element was generated on Wed Nov 13 02:18:05 GMT 2024.
    -->
    delete from order_detail
    where id = #{id,jdbcType=BIGINT}
  </delete>
  <delete id="deleteByExample" parameterType="com.example.hotel.entity.OrderDetailExample">
    <!--
      WARNING - @mbg.generated
      This element is automatically generated by MyBatis Generator, do not modify.
      This element was generated on Wed Nov 13 02:18:05 GMT 2024.
    -->
    delete from order_detail
    <if test="_parameter != null">
      <include refid="Example_Where_Clause" />
    </if>
  </delete>
  <insert id="insert" parameterType="com.example.hotel.entity.OrderDetail">
    <!--
      WARNING - @mbg.generated
      This element is automatically generated by MyBatis Generator, do not modify.
      This element was generated on Wed Nov 13 02:18:05 GMT 2024.
    -->
    <selectKey keyProperty="id" order="AFTER" resultType="java.lang.Long">
      SELECT LAST_INSERT_ID()
    </selectKey>
    insert into order_detail (order_id, user_id, room_number, 
      price_difference, update_time, create_time, 
      is_deleted, remark, room_type_id, 
      original_room_type_id, status, price, 
      change_type, change_date, guest_name
      )
    values (#{orderId,jdbcType=BIGINT}, #{userId,jdbcType=VARCHAR}, #{roomNumber,jdbcType=VARCHAR}, 
      #{priceDifference,jdbcType=DOUBLE}, #{updateTime,jdbcType=TIMESTAMP}, #{createTime,jdbcType=TIMESTAMP}, 
      #{isDeleted,jdbcType=TINYINT}, #{remark,jdbcType=VARCHAR}, #{roomTypeId,jdbcType=BIGINT}, 
      #{originalRoomTypeId,jdbcType=BIGINT}, #{status,jdbcType=TINYINT}, #{price,jdbcType=DECIMAL}, 
      #{changeType,jdbcType=TINYINT}, #{changeDate,jdbcType=DATE}, #{guestName,jdbcType=VARCHAR}
      )
  </insert>
  <insert id="insertSelective" parameterType="com.example.hotel.entity.OrderDetail">
    <!--
      WARNING - @mbg.generated
      This element is automatically generated by MyBatis Generator, do not modify.
      This element was generated on Wed Nov 13 02:18:05 GMT 2024.
    -->
    <selectKey keyProperty="id" order="AFTER" resultType="java.lang.Long">
      SELECT LAST_INSERT_ID()
    </selectKey>
    insert into order_detail
    <trim prefix="(" suffix=")" suffixOverrides=",">
      <if test="orderId != null">
        order_id,
      </if>
      <if test="userId != null">
        user_id,
      </if>
      <if test="roomNumber != null">
        room_number,
      </if>
      <if test="priceDifference != null">
        price_difference,
      </if>
      <if test="updateTime != null">
        update_time,
      </if>
      <if test="createTime != null">
        create_time,
      </if>
      <if test="isDeleted != null">
        is_deleted,
      </if>
      <if test="remark != null">
        remark,
      </if>
      <if test="roomTypeId != null">
        room_type_id,
      </if>
      <if test="originalRoomTypeId != null">
        original_room_type_id,
      </if>
      <if test="status != null">
        status,
      </if>
      <if test="price != null">
        price,
      </if>
      <if test="changeType != null">
        change_type,
      </if>
      <if test="changeDate != null">
        change_date,
      </if>
      <if test="guestName != null">
        guest_name,
      </if>
    </trim>
    <trim prefix="values (" suffix=")" suffixOverrides=",">
      <if test="orderId != null">
        #{orderId,jdbcType=BIGINT},
      </if>
      <if test="userId != null">
        #{userId,jdbcType=VARCHAR},
      </if>
      <if test="roomNumber != null">
        #{roomNumber,jdbcType=VARCHAR},
      </if>
      <if test="priceDifference != null">
        #{priceDifference,jdbcType=DOUBLE},
      </if>
      <if test="updateTime != null">
        #{updateTime,jdbcType=TIMESTAMP},
      </if>
      <if test="createTime != null">
        #{createTime,jdbcType=TIMESTAMP},
      </if>
      <if test="isDeleted != null">
        #{isDeleted,jdbcType=TINYINT},
      </if>
      <if test="remark != null">
        #{remark,jdbcType=VARCHAR},
      </if>
      <if test="roomTypeId != null">
        #{roomTypeId,jdbcType=BIGINT},
      </if>
      <if test="originalRoomTypeId != null">
        #{originalRoomTypeId,jdbcType=BIGINT},
      </if>
      <if test="status != null">
        #{status,jdbcType=TINYINT},
      </if>
      <if test="price != null">
        #{price,jdbcType=DECIMAL},
      </if>
      <if test="changeType != null">
        #{changeType,jdbcType=TINYINT},
      </if>
      <if test="changeDate != null">
        #{changeDate,jdbcType=DATE},
      </if>
      <if test="guestName != null">
        #{guestName,jdbcType=VARCHAR},
      </if>
    </trim>
  </insert>
  <select id="countByExample" parameterType="com.example.hotel.entity.OrderDetailExample" resultType="java.lang.Long">
    <!--
      WARNING - @mbg.generated
      This element is automatically generated by MyBatis Generator, do not modify.
      This element was generated on Wed Nov 13 02:18:05 GMT 2024.
    -->
    select count(*) from order_detail
    <if test="_parameter != null">
      <include refid="Example_Where_Clause" />
    </if>
  </select>
  <update id="updateByExampleSelective" parameterType="map">
    <!--
      WARNING - @mbg.generated
      This element is automatically generated by MyBatis Generator, do not modify.
      This element was generated on Wed Nov 13 02:18:05 GMT 2024.
    -->
    update order_detail
    <set>
      <if test="row.id != null">
        id = #{row.id,jdbcType=BIGINT},
      </if>
      <if test="row.orderId != null">
        order_id = #{row.orderId,jdbcType=BIGINT},
      </if>
      <if test="row.userId != null">
        user_id = #{row.userId,jdbcType=VARCHAR},
      </if>
      <if test="row.roomNumber != null">
        room_number = #{row.roomNumber,jdbcType=VARCHAR},
      </if>
      <if test="row.priceDifference != null">
        price_difference = #{row.priceDifference,jdbcType=DOUBLE},
      </if>
      <if test="row.updateTime != null">
        update_time = #{row.updateTime,jdbcType=TIMESTAMP},
      </if>
      <if test="row.createTime != null">
        create_time = #{row.createTime,jdbcType=TIMESTAMP},
      </if>
      <if test="row.isDeleted != null">
        is_deleted = #{row.isDeleted,jdbcType=TINYINT},
      </if>
      <if test="row.remark != null">
        remark = #{row.remark,jdbcType=VARCHAR},
      </if>
      <if test="row.roomTypeId != null">
        room_type_id = #{row.roomTypeId,jdbcType=BIGINT},
      </if>
      <if test="row.originalRoomTypeId != null">
        original_room_type_id = #{row.originalRoomTypeId,jdbcType=BIGINT},
      </if>
      <if test="row.status != null">
        status = #{row.status,jdbcType=TINYINT},
      </if>
      <if test="row.price != null">
        price = #{row.price,jdbcType=DECIMAL},
      </if>
      <if test="row.changeType != null">
        change_type = #{row.changeType,jdbcType=TINYINT},
      </if>
      <if test="row.changeDate != null">
        change_date = #{row.changeDate,jdbcType=DATE},
      </if>
      <if test="row.guestName != null">
        guest_name = #{row.guestName,jdbcType=VARCHAR},
      </if>
    </set>
    <if test="example != null">
      <include refid="Update_By_Example_Where_Clause" />
    </if>
  </update>
  <update id="updateByExample" parameterType="map">
    <!--
      WARNING - @mbg.generated
      This element is automatically generated by MyBatis Generator, do not modify.
      This element was generated on Wed Nov 13 02:18:05 GMT 2024.
    -->
    update order_detail
    set id = #{row.id,jdbcType=BIGINT},
      order_id = #{row.orderId,jdbcType=BIGINT},
      user_id = #{row.userId,jdbcType=VARCHAR},
      room_number = #{row.roomNumber,jdbcType=VARCHAR},
      price_difference = #{row.priceDifference,jdbcType=DOUBLE},
      update_time = #{row.updateTime,jdbcType=TIMESTAMP},
      create_time = #{row.createTime,jdbcType=TIMESTAMP},
      is_deleted = #{row.isDeleted,jdbcType=TINYINT},
      remark = #{row.remark,jdbcType=VARCHAR},
      room_type_id = #{row.roomTypeId,jdbcType=BIGINT},
      original_room_type_id = #{row.originalRoomTypeId,jdbcType=BIGINT},
      status = #{row.status,jdbcType=TINYINT},
      price = #{row.price,jdbcType=DECIMAL},
      change_type = #{row.changeType,jdbcType=TINYINT},
      change_date = #{row.changeDate,jdbcType=DATE},
      guest_name = #{row.guestName,jdbcType=VARCHAR}
    <if test="example != null">
      <include refid="Update_By_Example_Where_Clause" />
    </if>
  </update>
  <update id="updateByPrimaryKeySelective" parameterType="com.example.hotel.entity.OrderDetail">
    <!--
      WARNING - @mbg.generated
      This element is automatically generated by MyBatis Generator, do not modify.
      This element was generated on Wed Nov 13 02:18:05 GMT 2024.
    -->
    update order_detail
    <set>
      <if test="orderId != null">
        order_id = #{orderId,jdbcType=BIGINT},
      </if>
      <if test="userId != null">
        user_id = #{userId,jdbcType=VARCHAR},
      </if>
      <if test="roomNumber != null">
        room_number = #{roomNumber,jdbcType=VARCHAR},
      </if>
      <if test="priceDifference != null">
        price_difference = #{priceDifference,jdbcType=DOUBLE},
      </if>
      <if test="updateTime != null">
        update_time = #{updateTime,jdbcType=TIMESTAMP},
      </if>
      <if test="createTime != null">
        create_time = #{createTime,jdbcType=TIMESTAMP},
      </if>
      <if test="isDeleted != null">
        is_deleted = #{isDeleted,jdbcType=TINYINT},
      </if>
      <if test="remark != null">
        remark = #{remark,jdbcType=VARCHAR},
      </if>
      <if test="roomTypeId != null">
        room_type_id = #{roomTypeId,jdbcType=BIGINT},
      </if>
      <if test="originalRoomTypeId != null">
        original_room_type_id = #{originalRoomTypeId,jdbcType=BIGINT},
      </if>
      <if test="status != null">
        status = #{status,jdbcType=TINYINT},
      </if>
      <if test="price != null">
        price = #{price,jdbcType=DECIMAL},
      </if>
      <if test="changeType != null">
        change_type = #{changeType,jdbcType=TINYINT},
      </if>
      <if test="changeDate != null">
        change_date = #{changeDate,jdbcType=DATE},
      </if>
      <if test="guestName != null">
        guest_name = #{guestName,jdbcType=VARCHAR},
      </if>
    </set>
    where id = #{id,jdbcType=BIGINT}
  </update>
  <update id="updateByPrimaryKey" parameterType="com.example.hotel.entity.OrderDetail">
    <!--
      WARNING - @mbg.generated
      This element is automatically generated by MyBatis Generator, do not modify.
      This element was generated on Wed Nov 13 02:18:05 GMT 2024.
    -->
    update order_detail
    set order_id = #{orderId,jdbcType=BIGINT},
      user_id = #{userId,jdbcType=VARCHAR},
      room_number = #{roomNumber,jdbcType=VARCHAR},
      price_difference = #{priceDifference,jdbcType=DOUBLE},
      update_time = #{updateTime,jdbcType=TIMESTAMP},
      create_time = #{createTime,jdbcType=TIMESTAMP},
      is_deleted = #{isDeleted,jdbcType=TINYINT},
      remark = #{remark,jdbcType=VARCHAR},
      room_type_id = #{roomTypeId,jdbcType=BIGINT},
      original_room_type_id = #{originalRoomTypeId,jdbcType=BIGINT},
      status = #{status,jdbcType=TINYINT},
      price = #{price,jdbcType=DECIMAL},
      change_type = #{changeType,jdbcType=TINYINT},
      change_date = #{changeDate,jdbcType=DATE},
      guest_name = #{guestName,jdbcType=VARCHAR}
    where id = #{id,jdbcType=BIGINT}
  </update>
</mapper>