<?xml version="1.0" encoding="UTF-8"?>
<!DOCTYPE mapper PUBLIC "-//mybatis.org//DTD Mapper 3.0//EN" "http://mybatis.org/dtd/mybatis-3-mapper.dtd">
<mapper namespace="com.example.hotel.mapper.OrderBaseMapper">
  <resultMap id="BaseResultMap" type="com.example.hotel.entity.OrderBase">
    <!--
      WARNING - @mbg.generated
      This element is automatically generated by MyBatis Generator, do not modify.
      This element was generated on Wed Nov 13 00:16:04 GMT 2024.
    -->
    <id column="id" jdbcType="BIGINT" property="id" />
    <result column="hotel_id" jdbcType="BIGINT" property="hotelId" />
    <result column="user_id" jdbcType="VARCHAR" property="userId" />
    <result column="start_date" jdbcType="DATE" property="startDate" />
    <result column="end_date" jdbcType="DATE" property="endDate" />
    <result column="total_price" jdbcType="DECIMAL" property="totalPrice" />
    <result column="update_time" jdbcType="TIMESTAMP" property="updateTime" />
    <result column="create_time" jdbcType="TIMESTAMP" property="createTime" />
    <result column="is_deleted" jdbcType="TINYINT" property="isDeleted" />
    <result column="status" jdbcType="TINYINT" property="status" />
    <result column="contact_name" jdbcType="VARCHAR" property="contactName" />
    <result column="contact_phone" jdbcType="VARCHAR" property="contactPhone" />
    <result column="estimated_arrival_time" jdbcType="TIME" property="estimatedArrivalTime" />
    <result column="is_cancelled" jdbcType="TINYINT" property="isCancelled" />
    <result column="operator" jdbcType="VARCHAR" property="operator" />
    <result column="real_price" jdbcType="DECIMAL" property="realPrice" />
  </resultMap>
  <sql id="Example_Where_Clause">
    <!--
      WARNING - @mbg.generated
      This element is automatically generated by MyBatis Generator, do not modify.
      This element was generated on Wed Nov 13 00:16:04 GMT 2024.
    -->
    <where>
      <foreach collection="oredCriteria" item="criteria" separator="or">
        <if test="criteria.valid">
          <trim prefix="(" prefixOverrides="and" suffix=")">
            <foreach collection="criteria.criteria" item="criterion">
              <choose>
                <when test="criterion.noValue">
                  and ${criterion.condition}
                </when>
                <when test="criterion.singleValue">
                  and ${criterion.condition} #{criterion.value}
                </when>
                <when test="criterion.betweenValue">
                  and ${criterion.condition} #{criterion.value} and #{criterion.secondValue}
                </when>
                <when test="criterion.listValue">
                  and ${criterion.condition}
                  <foreach close=")" collection="criterion.value" item="listItem" open="(" separator=",">
                    #{listItem}
                  </foreach>
                </when>
              </choose>
            </foreach>
          </trim>
        </if>
      </foreach>
    </where>
  </sql>
  <sql id="Update_By_Example_Where_Clause">
    <!--
      WARNING - @mbg.generated
      This element is automatically generated by MyBatis Generator, do not modify.
      This element was generated on Wed Nov 13 00:16:04 GMT 2024.
    -->
    <where>
      <foreach collection="example.oredCriteria" item="criteria" separator="or">
        <if test="criteria.valid">
          <trim prefix="(" prefixOverrides="and" suffix=")">
            <foreach collection="criteria.criteria" item="criterion">
              <choose>
                <when test="criterion.noValue">
                  and ${criterion.condition}
                </when>
                <when test="criterion.singleValue">
                  and ${criterion.condition} #{criterion.value}
                </when>
                <when test="criterion.betweenValue">
                  and ${criterion.condition} #{criterion.value} and #{criterion.secondValue}
                </when>
                <when test="criterion.listValue">
                  and ${criterion.condition}
                  <foreach close=")" collection="criterion.value" item="listItem" open="(" separator=",">
                    #{listItem}
                  </foreach>
                </when>
              </choose>
            </foreach>
          </trim>
        </if>
      </foreach>
    </where>
  </sql>
  <sql id="Base_Column_List">
    <!--
      WARNING - @mbg.generated
      This element is automatically generated by MyBatis Generator, do not modify.
      This element was generated on Wed Nov 13 00:16:04 GMT 2024.
    -->
    id, hotel_id, user_id, start_date, end_date, total_price, update_time, create_time, 
    is_deleted, status, contact_name, contact_phone, estimated_arrival_time, is_cancelled, 
    operator, real_price
  </sql>
  <select id="selectByExample" parameterType="com.example.hotel.entity.OrderBaseExample" resultMap="BaseResultMap">
    <!--
      WARNING - @mbg.generated
      This element is automatically generated by MyBatis Generator, do not modify.
      This element was generated on Wed Nov 13 00:16:04 GMT 2024.
    -->
    select
    <if test="distinct">
      distinct
    </if>
    <include refid="Base_Column_List" />
    from order_base
    <if test="_parameter != null">
      <include refid="Example_Where_Clause" />
    </if>
    <if test="orderByClause != null">
      order by ${orderByClause}
    </if>
  </select>
  <select id="selectByPrimaryKey" parameterType="java.lang.Long" resultMap="BaseResultMap">
    <!--
      WARNING - @mbg.generated
      This element is automatically generated by MyBatis Generator, do not modify.
      This element was generated on Wed Nov 13 00:16:04 GMT 2024.
    -->
    select 
    <include refid="Base_Column_List" />
    from order_base
    where id = #{id,jdbcType=BIGINT}
  </select>
  <delete id="deleteByPrimaryKey" parameterType="java.lang.Long">
    <!--
      WARNING - @mbg.generated
      This element is automatically generated by MyBatis Generator, do not modify.
      This element was generated on Wed Nov 13 00:16:04 GMT 2024.
    -->
    delete from order_base
    where id = #{id,jdbcType=BIGINT}
  </delete>
  <delete id="deleteByExample" parameterType="com.example.hotel.entity.OrderBaseExample">
    <!--
      WARNING - @mbg.generated
      This element is automatically generated by MyBatis Generator, do not modify.
      This element was generated on Wed Nov 13 00:16:04 GMT 2024.
    -->
    delete from order_base
    <if test="_parameter != null">
      <include refid="Example_Where_Clause" />
    </if>
  </delete>
  <insert id="insert" keyColumn="id" keyProperty="id" parameterType="com.example.hotel.entity.OrderBase" useGeneratedKeys="true">
    <!--
      WARNING - @mbg.generated
      This element is automatically generated by MyBatis Generator, do not modify.
      This element was generated on Wed Nov 13 00:16:04 GMT 2024.
    -->
    insert into order_base (hotel_id, user_id, start_date, 
      end_date, total_price, update_time, 
      create_time, is_deleted, status, 
      contact_name, contact_phone, estimated_arrival_time, 
      is_cancelled, operator, real_price
      )
    values (#{hotelId,jdbcType=BIGINT}, #{userId,jdbcType=VARCHAR}, #{startDate,jdbcType=DATE}, 
      #{endDate,jdbcType=DATE}, #{totalPrice,jdbcType=DECIMAL}, #{updateTime,jdbcType=TIMESTAMP}, 
      #{createTime,jdbcType=TIMESTAMP}, #{isDeleted,jdbcType=TINYINT}, #{status,jdbcType=TINYINT}, 
      #{contactName,jdbcType=VARCHAR}, #{contactPhone,jdbcType=VARCHAR}, #{estimatedArrivalTime,jdbcType=TIME}, 
      #{isCancelled,jdbcType=TINYINT}, #{operator,jdbcType=VARCHAR}, #{realPrice,jdbcType=DECIMAL}
      )
  </insert>
  <insert id="insertSelective" keyColumn="id" keyProperty="id" parameterType="com.example.hotel.entity.OrderBase" useGeneratedKeys="true">
    <!--
      WARNING - @mbg.generated
      This element is automatically generated by MyBatis Generator, do not modify.
      This element was generated on Wed Nov 13 00:16:04 GMT 2024.
    -->
    insert into order_base
    <trim prefix="(" suffix=")" suffixOverrides=",">
      <if test="hotelId != null">
        hotel_id,
      </if>
      <if test="userId != null">
        user_id,
      </if>
      <if test="startDate != null">
        start_date,
      </if>
      <if test="endDate != null">
        end_date,
      </if>
      <if test="totalPrice != null">
        total_price,
      </if>
      <if test="updateTime != null">
        update_time,
      </if>
      <if test="createTime != null">
        create_time,
      </if>
      <if test="isDeleted != null">
        is_deleted,
      </if>
      <if test="status != null">
        status,
      </if>
      <if test="contactName != null">
        contact_name,
      </if>
      <if test="contactPhone != null">
        contact_phone,
      </if>
      <if test="estimatedArrivalTime != null">
        estimated_arrival_time,
      </if>
      <if test="isCancelled != null">
        is_cancelled,
      </if>
      <if test="operator != null">
        operator,
      </if>
      <if test="realPrice != null">
        real_price,
      </if>
    </trim>
    <trim prefix="values (" suffix=")" suffixOverrides=",">
      <if test="hotelId != null">
        #{hotelId,jdbcType=BIGINT},
      </if>
      <if test="userId != null">
        #{userId,jdbcType=VARCHAR},
      </if>
      <if test="startDate != null">
        #{startDate,jdbcType=DATE},
      </if>
      <if test="endDate != null">
        #{endDate,jdbcType=DATE},
      </if>
      <if test="totalPrice != null">
        #{totalPrice,jdbcType=DECIMAL},
      </if>
      <if test="updateTime != null">
        #{updateTime,jdbcType=TIMESTAMP},
      </if>
      <if test="createTime != null">
        #{createTime,jdbcType=TIMESTAMP},
      </if>
      <if test="isDeleted != null">
        #{isDeleted,jdbcType=TINYINT},
      </if>
      <if test="status != null">
        #{status,jdbcType=TINYINT},
      </if>
      <if test="contactName != null">
        #{contactName,jdbcType=VARCHAR},
      </if>
      <if test="contactPhone != null">
        #{contactPhone,jdbcType=VARCHAR},
      </if>
      <if test="estimatedArrivalTime != null">
        #{estimatedArrivalTime,jdbcType=TIME},
      </if>
      <if test="isCancelled != null">
        #{isCancelled,jdbcType=TINYINT},
      </if>
      <if test="operator != null">
        #{operator,jdbcType=VARCHAR},
      </if>
      <if test="realPrice != null">
        #{realPrice,jdbcType=DECIMAL},
      </if>
    </trim>
  </insert>
  <select id="countByExample" parameterType="com.example.hotel.entity.OrderBaseExample" resultType="java.lang.Long">
    <!--
      WARNING - @mbg.generated
      This element is automatically generated by MyBatis Generator, do not modify.
      This element was generated on Wed Nov 13 00:16:04 GMT 2024.
    -->
    select count(*) from order_base
    <if test="_parameter != null">
      <include refid="Example_Where_Clause" />
    </if>
  </select>
  <update id="updateByExampleSelective" parameterType="map">
    <!--
      WARNING - @mbg.generated
      This element is automatically generated by MyBatis Generator, do not modify.
      This element was generated on Wed Nov 13 00:16:04 GMT 2024.
    -->
    update order_base
    <set>
      <if test="row.id != null">
        id = #{row.id,jdbcType=BIGINT},
      </if>
      <if test="row.hotelId != null">
        hotel_id = #{row.hotelId,jdbcType=BIGINT},
      </if>
      <if test="row.userId != null">
        user_id = #{row.userId,jdbcType=VARCHAR},
      </if>
      <if test="row.startDate != null">
        start_date = #{row.startDate,jdbcType=DATE},
      </if>
      <if test="row.endDate != null">
        end_date = #{row.endDate,jdbcType=DATE},
      </if>
      <if test="row.totalPrice != null">
        total_price = #{row.totalPrice,jdbcType=DECIMAL},
      </if>
      <if test="row.updateTime != null">
        update_time = #{row.updateTime,jdbcType=TIMESTAMP},
      </if>
      <if test="row.createTime != null">
        create_time = #{row.createTime,jdbcType=TIMESTAMP},
      </if>
      <if test="row.isDeleted != null">
        is_deleted = #{row.isDeleted,jdbcType=TINYINT},
      </if>
      <if test="row.status != null">
        status = #{row.status,jdbcType=TINYINT},
      </if>
      <if test="row.contactName != null">
        contact_name = #{row.contactName,jdbcType=VARCHAR},
      </if>
      <if test="row.contactPhone != null">
        contact_phone = #{row.contactPhone,jdbcType=VARCHAR},
      </if>
      <if test="row.estimatedArrivalTime != null">
        estimated_arrival_time = #{row.estimatedArrivalTime,jdbcType=TIME},
      </if>
      <if test="row.isCancelled != null">
        is_cancelled = #{row.isCancelled,jdbcType=TINYINT},
      </if>
      <if test="row.operator != null">
        operator = #{row.operator,jdbcType=VARCHAR},
      </if>
      <if test="row.realPrice != null">
        real_price = #{row.realPrice,jdbcType=DECIMAL},
      </if>
    </set>
    <if test="example != null">
      <include refid="Update_By_Example_Where_Clause" />
    </if>
  </update>
  <update id="updateByExample" parameterType="map">
    <!--
      WARNING - @mbg.generated
      This element is automatically generated by MyBatis Generator, do not modify.
      This element was generated on Wed Nov 13 00:16:04 GMT 2024.
    -->
    update order_base
    set id = #{row.id,jdbcType=BIGINT},
      hotel_id = #{row.hotelId,jdbcType=BIGINT},
      user_id = #{row.userId,jdbcType=VARCHAR},
      start_date = #{row.startDate,jdbcType=DATE},
      end_date = #{row.endDate,jdbcType=DATE},
      total_price = #{row.totalPrice,jdbcType=DECIMAL},
      update_time = #{row.updateTime,jdbcType=TIMESTAMP},
      create_time = #{row.createTime,jdbcType=TIMESTAMP},
      is_deleted = #{row.isDeleted,jdbcType=TINYINT},
      status = #{row.status,jdbcType=TINYINT},
      contact_name = #{row.contactName,jdbcType=VARCHAR},
      contact_phone = #{row.contactPhone,jdbcType=VARCHAR},
      estimated_arrival_time = #{row.estimatedArrivalTime,jdbcType=TIME},
      is_cancelled = #{row.isCancelled,jdbcType=TINYINT},
      operator = #{row.operator,jdbcType=VARCHAR},
      real_price = #{row.realPrice,jdbcType=DECIMAL}
    <if test="example != null">
      <include refid="Update_By_Example_Where_Clause" />
    </if>
  </update>
  <update id="updateByPrimaryKeySelective" parameterType="com.example.hotel.entity.OrderBase">
    <!--
      WARNING - @mbg.generated
      This element is automatically generated by MyBatis Generator, do not modify.
      This element was generated on Wed Nov 13 00:16:04 GMT 2024.
    -->
    update order_base
    <set>
      <if test="hotelId != null">
        hotel_id = #{hotelId,jdbcType=BIGINT},
      </if>
      <if test="userId != null">
        user_id = #{userId,jdbcType=VARCHAR},
      </if>
      <if test="startDate != null">
        start_date = #{startDate,jdbcType=DATE},
      </if>
      <if test="endDate != null">
        end_date = #{endDate,jdbcType=DATE},
      </if>
      <if test="totalPrice != null">
        total_price = #{totalPrice,jdbcType=DECIMAL},
      </if>
      <if test="updateTime != null">
        update_time = #{updateTime,jdbcType=TIMESTAMP},
      </if>
      <if test="createTime != null">
        create_time = #{createTime,jdbcType=TIMESTAMP},
      </if>
      <if test="isDeleted != null">
        is_deleted = #{isDeleted,jdbcType=TINYINT},
      </if>
      <if test="status != null">
        status = #{status,jdbcType=TINYINT},
      </if>
      <if test="contactName != null">
        contact_name = #{contactName,jdbcType=VARCHAR},
      </if>
      <if test="contactPhone != null">
        contact_phone = #{contactPhone,jdbcType=VARCHAR},
      </if>
      <if test="estimatedArrivalTime != null">
        estimated_arrival_time = #{estimatedArrivalTime,jdbcType=TIME},
      </if>
      <if test="isCancelled != null">
        is_cancelled = #{isCancelled,jdbcType=TINYINT},
      </if>
      <if test="operator != null">
        operator = #{operator,jdbcType=VARCHAR},
      </if>
      <if test="realPrice != null">
        real_price = #{realPrice,jdbcType=DECIMAL},
      </if>
    </set>
    where id = #{id,jdbcType=BIGINT}
  </update>
  <update id="updateByPrimaryKey" parameterType="com.example.hotel.entity.OrderBase">
    <!--
      WARNING - @mbg.generated
      This element is automatically generated by MyBatis Generator, do not modify.
      This element was generated on Wed Nov 13 00:16:04 GMT 2024.
    -->
    update order_base
    set hotel_id = #{hotelId,jdbcType=BIGINT},
      user_id = #{userId,jdbcType=VARCHAR},
      start_date = #{startDate,jdbcType=DATE},
      end_date = #{endDate,jdbcType=DATE},
      total_price = #{totalPrice,jdbcType=DECIMAL},
      update_time = #{updateTime,jdbcType=TIMESTAMP},
      create_time = #{createTime,jdbcType=TIMESTAMP},
      is_deleted = #{isDeleted,jdbcType=TINYINT},
      status = #{status,jdbcType=TINYINT},
      contact_name = #{contactName,jdbcType=VARCHAR},
      contact_phone = #{contactPhone,jdbcType=VARCHAR},
      estimated_arrival_time = #{estimatedArrivalTime,jdbcType=TIME},
      is_cancelled = #{isCancelled,jdbcType=TINYINT},
      operator = #{operator,jdbcType=VARCHAR},
      real_price = #{realPrice,jdbcType=DECIMAL}
    where id = #{id,jdbcType=BIGINT}
  </update>
</mapper>