<?xml version="1.0" encoding="UTF-8"?>
<!DOCTYPE mapper PUBLIC "-//mybatis.org//DTD Mapper 3.0//EN" "http://mybatis.org/dtd/mybatis-3-mapper.dtd">
<mapper namespace="com.example.hotel.mapper.PaymentInfoMapper">
  <resultMap id="BaseResultMap" type="com.example.hotel.entity.PaymentInfo">
    <!--
      WARNING - @mbg.generated
      This element is automatically generated by MyBatis Generator, do not modify.
      This element was generated on Thu Nov 14 19:45:39 GMT 2024.
    -->
    <id column="id" jdbcType="BIGINT" property="id" />
    <result column="amount" jdbcType="DECIMAL" property="amount" />
    <result column="order_id" jdbcType="BIGINT" property="orderId" />
    <result column="name" jdbcType="VARCHAR" property="name" />
    <result column="card_number" jdbcType="VARCHAR" property="cardNumber" />
    <result column="currency" jdbcType="VARCHAR" property="currency" />
    <result column="pay_type" jdbcType="TINYINT" property="payType" />
    <result column="is_deleted" jdbcType="TINYINT" property="isDeleted" />
    <result column="update_time" jdbcType="TIMESTAMP" property="updateTime" />
    <result column="create_time" jdbcType="TIMESTAMP" property="createTime" />
    <result column="operator" jdbcType="VARCHAR" property="operator" />
  </resultMap>
  <sql id="Example_Where_Clause">
    <!--
      WARNING - @mbg.generated
      This element is automatically generated by MyBatis Generator, do not modify.
      This element was generated on Thu Nov 14 19:45:39 GMT 2024.
    -->
    <where>
      <foreach collection="oredCriteria" item="criteria" separator="or">
        <if test="criteria.valid">
          <trim prefix="(" prefixOverrides="and" suffix=")">
            <foreach collection="criteria.criteria" item="criterion">
              <choose>
                <when test="criterion.noValue">
                  and ${criterion.condition}
                </when>
                <when test="criterion.singleValue">
                  and ${criterion.condition} #{criterion.value}
                </when>
                <when test="criterion.betweenValue">
                  and ${criterion.condition} #{criterion.value} and #{criterion.secondValue}
                </when>
                <when test="criterion.listValue">
                  and ${criterion.condition}
                  <foreach close=")" collection="criterion.value" item="listItem" open="(" separator=",">
                    #{listItem}
                  </foreach>
                </when>
              </choose>
            </foreach>
          </trim>
        </if>
      </foreach>
    </where>
  </sql>
  <sql id="Update_By_Example_Where_Clause">
    <!--
      WARNING - @mbg.generated
      This element is automatically generated by MyBatis Generator, do not modify.
      This element was generated on Thu Nov 14 19:45:39 GMT 2024.
    -->
    <where>
      <foreach collection="example.oredCriteria" item="criteria" separator="or">
        <if test="criteria.valid">
          <trim prefix="(" prefixOverrides="and" suffix=")">
            <foreach collection="criteria.criteria" item="criterion">
              <choose>
                <when test="criterion.noValue">
                  and ${criterion.condition}
                </when>
                <when test="criterion.singleValue">
                  and ${criterion.condition} #{criterion.value}
                </when>
                <when test="criterion.betweenValue">
                  and ${criterion.condition} #{criterion.value} and #{criterion.secondValue}
                </when>
                <when test="criterion.listValue">
                  and ${criterion.condition}
                  <foreach close=")" collection="criterion.value" item="listItem" open="(" separator=",">
                    #{listItem}
                  </foreach>
                </when>
              </choose>
            </foreach>
          </trim>
        </if>
      </foreach>
    </where>
  </sql>
  <sql id="Base_Column_List">
    <!--
      WARNING - @mbg.generated
      This element is automatically generated by MyBatis Generator, do not modify.
      This element was generated on Thu Nov 14 19:45:39 GMT 2024.
    -->
    id, amount, order_id, name, card_number, currency, pay_type, is_deleted, update_time, 
    create_time, operator
  </sql>
  <select id="selectByExample" parameterType="com.example.hotel.entity.PaymentInfoExample" resultMap="BaseResultMap">
    <!--
      WARNING - @mbg.generated
      This element is automatically generated by MyBatis Generator, do not modify.
      This element was generated on Thu Nov 14 19:45:39 GMT 2024.
    -->
    select
    <if test="distinct">
      distinct
    </if>
    <include refid="Base_Column_List" />
    from payment_info
    <if test="_parameter != null">
      <include refid="Example_Where_Clause" />
    </if>
    <if test="orderByClause != null">
      order by ${orderByClause}
    </if>
  </select>
  <select id="selectByPrimaryKey" parameterType="java.lang.Long" resultMap="BaseResultMap">
    <!--
      WARNING - @mbg.generated
      This element is automatically generated by MyBatis Generator, do not modify.
      This element was generated on Thu Nov 14 19:45:39 GMT 2024.
    -->
    select 
    <include refid="Base_Column_List" />
    from payment_info
    where id = #{id,jdbcType=BIGINT}
  </select>
  <delete id="deleteByPrimaryKey" parameterType="java.lang.Long">
    <!--
      WARNING - @mbg.generated
      This element is automatically generated by MyBatis Generator, do not modify.
      This element was generated on Thu Nov 14 19:45:39 GMT 2024.
    -->
    delete from payment_info
    where id = #{id,jdbcType=BIGINT}
  </delete>
  <delete id="deleteByExample" parameterType="com.example.hotel.entity.PaymentInfoExample">
    <!--
      WARNING - @mbg.generated
      This element is automatically generated by MyBatis Generator, do not modify.
      This element was generated on Thu Nov 14 19:45:39 GMT 2024.
    -->
    delete from payment_info
    <if test="_parameter != null">
      <include refid="Example_Where_Clause" />
    </if>
  </delete>
  <insert id="insert" parameterType="com.example.hotel.entity.PaymentInfo">
    <!--
      WARNING - @mbg.generated
      This element is automatically generated by MyBatis Generator, do not modify.
      This element was generated on Thu Nov 14 19:45:39 GMT 2024.
    -->
    <selectKey keyProperty="id" order="AFTER" resultType="java.lang.Long">
      SELECT LAST_INSERT_ID()
    </selectKey>
    insert into payment_info (amount, order_id, name, 
      card_number, currency, pay_type, 
      is_deleted, update_time, create_time, 
      operator)
    values (#{amount,jdbcType=DECIMAL}, #{orderId,jdbcType=BIGINT}, #{name,jdbcType=VARCHAR}, 
      #{cardNumber,jdbcType=VARCHAR}, #{currency,jdbcType=VARCHAR}, #{payType,jdbcType=TINYINT}, 
      #{isDeleted,jdbcType=TINYINT}, #{updateTime,jdbcType=TIMESTAMP}, #{createTime,jdbcType=TIMESTAMP}, 
      #{operator,jdbcType=VARCHAR})
  </insert>
  <insert id="insertSelective" parameterType="com.example.hotel.entity.PaymentInfo">
    <!--
      WARNING - @mbg.generated
      This element is automatically generated by MyBatis Generator, do not modify.
      This element was generated on Thu Nov 14 19:45:39 GMT 2024.
    -->
    <selectKey keyProperty="id" order="AFTER" resultType="java.lang.Long">
      SELECT LAST_INSERT_ID()
    </selectKey>
    insert into payment_info
    <trim prefix="(" suffix=")" suffixOverrides=",">
      <if test="amount != null">
        amount,
      </if>
      <if test="orderId != null">
        order_id,
      </if>
      <if test="name != null">
        name,
      </if>
      <if test="cardNumber != null">
        card_number,
      </if>
      <if test="currency != null">
        currency,
      </if>
      <if test="payType != null">
        pay_type,
      </if>
      <if test="isDeleted != null">
        is_deleted,
      </if>
      <if test="updateTime != null">
        update_time,
      </if>
      <if test="createTime != null">
        create_time,
      </if>
      <if test="operator != null">
        operator,
      </if>
    </trim>
    <trim prefix="values (" suffix=")" suffixOverrides=",">
      <if test="amount != null">
        #{amount,jdbcType=DECIMAL},
      </if>
      <if test="orderId != null">
        #{orderId,jdbcType=BIGINT},
      </if>
      <if test="name != null">
        #{name,jdbcType=VARCHAR},
      </if>
      <if test="cardNumber != null">
        #{cardNumber,jdbcType=VARCHAR},
      </if>
      <if test="currency != null">
        #{currency,jdbcType=VARCHAR},
      </if>
      <if test="payType != null">
        #{payType,jdbcType=TINYINT},
      </if>
      <if test="isDeleted != null">
        #{isDeleted,jdbcType=TINYINT},
      </if>
      <if test="updateTime != null">
        #{updateTime,jdbcType=TIMESTAMP},
      </if>
      <if test="createTime != null">
        #{createTime,jdbcType=TIMESTAMP},
      </if>
      <if test="operator != null">
        #{operator,jdbcType=VARCHAR},
      </if>
    </trim>
  </insert>
  <select id="countByExample" parameterType="com.example.hotel.entity.PaymentInfoExample" resultType="java.lang.Long">
    <!--
      WARNING - @mbg.generated
      This element is automatically generated by MyBatis Generator, do not modify.
      This element was generated on Thu Nov 14 19:45:39 GMT 2024.
    -->
    select count(*) from payment_info
    <if test="_parameter != null">
      <include refid="Example_Where_Clause" />
    </if>
  </select>
  <update id="updateByExampleSelective" parameterType="map">
    <!--
      WARNING - @mbg.generated
      This element is automatically generated by MyBatis Generator, do not modify.
      This element was generated on Thu Nov 14 19:45:39 GMT 2024.
    -->
    update payment_info
    <set>
      <if test="row.id != null">
        id = #{row.id,jdbcType=BIGINT},
      </if>
      <if test="row.amount != null">
        amount = #{row.amount,jdbcType=DECIMAL},
      </if>
      <if test="row.orderId != null">
        order_id = #{row.orderId,jdbcType=BIGINT},
      </if>
      <if test="row.name != null">
        name = #{row.name,jdbcType=VARCHAR},
      </if>
      <if test="row.cardNumber != null">
        card_number = #{row.cardNumber,jdbcType=VARCHAR},
      </if>
      <if test="row.currency != null">
        currency = #{row.currency,jdbcType=VARCHAR},
      </if>
      <if test="row.payType != null">
        pay_type = #{row.payType,jdbcType=TINYINT},
      </if>
      <if test="row.isDeleted != null">
        is_deleted = #{row.isDeleted,jdbcType=TINYINT},
      </if>
      <if test="row.updateTime != null">
        update_time = #{row.updateTime,jdbcType=TIMESTAMP},
      </if>
      <if test="row.createTime != null">
        create_time = #{row.createTime,jdbcType=TIMESTAMP},
      </if>
      <if test="row.operator != null">
        operator = #{row.operator,jdbcType=VARCHAR},
      </if>
    </set>
    <if test="example != null">
      <include refid="Update_By_Example_Where_Clause" />
    </if>
  </update>
  <update id="updateByExample" parameterType="map">
    <!--
      WARNING - @mbg.generated
      This element is automatically generated by MyBatis Generator, do not modify.
      This element was generated on Thu Nov 14 19:45:39 GMT 2024.
    -->
    update payment_info
    set id = #{row.id,jdbcType=BIGINT},
      amount = #{row.amount,jdbcType=DECIMAL},
      order_id = #{row.orderId,jdbcType=BIGINT},
      name = #{row.name,jdbcType=VARCHAR},
      card_number = #{row.cardNumber,jdbcType=VARCHAR},
      currency = #{row.currency,jdbcType=VARCHAR},
      pay_type = #{row.payType,jdbcType=TINYINT},
      is_deleted = #{row.isDeleted,jdbcType=TINYINT},
      update_time = #{row.updateTime,jdbcType=TIMESTAMP},
      create_time = #{row.createTime,jdbcType=TIMESTAMP},
      operator = #{row.operator,jdbcType=VARCHAR}
    <if test="example != null">
      <include refid="Update_By_Example_Where_Clause" />
    </if>
  </update>
  <update id="updateByPrimaryKeySelective" parameterType="com.example.hotel.entity.PaymentInfo">
    <!--
      WARNING - @mbg.generated
      This element is automatically generated by MyBatis Generator, do not modify.
      This element was generated on Thu Nov 14 19:45:39 GMT 2024.
    -->
    update payment_info
    <set>
      <if test="amount != null">
        amount = #{amount,jdbcType=DECIMAL},
      </if>
      <if test="orderId != null">
        order_id = #{orderId,jdbcType=BIGINT},
      </if>
      <if test="name != null">
        name = #{name,jdbcType=VARCHAR},
      </if>
      <if test="cardNumber != null">
        card_number = #{cardNumber,jdbcType=VARCHAR},
      </if>
      <if test="currency != null">
        currency = #{currency,jdbcType=VARCHAR},
      </if>
      <if test="payType != null">
        pay_type = #{payType,jdbcType=TINYINT},
      </if>
      <if test="isDeleted != null">
        is_deleted = #{isDeleted,jdbcType=TINYINT},
      </if>
      <if test="updateTime != null">
        update_time = #{updateTime,jdbcType=TIMESTAMP},
      </if>
      <if test="createTime != null">
        create_time = #{createTime,jdbcType=TIMESTAMP},
      </if>
      <if test="operator != null">
        operator = #{operator,jdbcType=VARCHAR},
      </if>
    </set>
    where id = #{id,jdbcType=BIGINT}
  </update>
  <update id="updateByPrimaryKey" parameterType="com.example.hotel.entity.PaymentInfo">
    <!--
      WARNING - @mbg.generated
      This element is automatically generated by MyBatis Generator, do not modify.
      This element was generated on Thu Nov 14 19:45:39 GMT 2024.
    -->
    update payment_info
    set amount = #{amount,jdbcType=DECIMAL},
      order_id = #{orderId,jdbcType=BIGINT},
      name = #{name,jdbcType=VARCHAR},
      card_number = #{cardNumber,jdbcType=VARCHAR},
      currency = #{currency,jdbcType=VARCHAR},
      pay_type = #{payType,jdbcType=TINYINT},
      is_deleted = #{isDeleted,jdbcType=TINYINT},
      update_time = #{updateTime,jdbcType=TIMESTAMP},
      create_time = #{createTime,jdbcType=TIMESTAMP},
      operator = #{operator,jdbcType=VARCHAR}
    where id = #{id,jdbcType=BIGINT}
  </update>
</mapper>