<?xml version="1.0" encoding="UTF-8"?>
<!DOCTYPE mapper PUBLIC "-//mybatis.org//DTD Mapper 3.0//EN" "http://mybatis.org/dtd/mybatis-3-mapper.dtd">
<mapper namespace="com.example.hotel.mapper.RoomInfoMapper">
  <resultMap id="BaseResultMap" type="com.example.hotel.entity.RoomInfo">
    <!--
      WARNING - @mbg.generated
      This element is automatically generated by MyBatis Generator, do not modify.
      This element was generated on Thu Dec 05 17:41:02 GMT 2024.
    -->
    <id column="id" jdbcType="BIGINT" property="id" />
    <result column="hotel_id" jdbcType="BIGINT" property="hotelId" />
    <result column="room_type_id" jdbcType="BIGINT" property="roomTypeId" />
    <result column="update_time" jdbcType="TIMESTAMP" property="updateTime" />
    <result column="create_time" jdbcType="TIMESTAMP" property="createTime" />
    <result column="is_deleted" jdbcType="TINYINT" property="isDeleted" />
    <result column="room_number" jdbcType="VARCHAR" property="roomNumber" />
    <result column="room_key" jdbcType="VARCHAR" property="roomKey" />
    <result column="price_range_min" jdbcType="DOUBLE" property="priceRangeMin" />
    <result column="price_range_max" jdbcType="DOUBLE" property="priceRangeMax" />
  </resultMap>
  <sql id="Example_Where_Clause">
    <!--
      WARNING - @mbg.generated
      This element is automatically generated by MyBatis Generator, do not modify.
      This element was generated on Thu Dec 05 17:41:02 GMT 2024.
    -->
    <where>
      <foreach collection="oredCriteria" item="criteria" separator="or">
        <if test="criteria.valid">
          <trim prefix="(" prefixOverrides="and" suffix=")">
            <foreach collection="criteria.criteria" item="criterion">
              <choose>
                <when test="criterion.noValue">
                  and ${criterion.condition}
                </when>
                <when test="criterion.singleValue">
                  and ${criterion.condition} #{criterion.value}
                </when>
                <when test="criterion.betweenValue">
                  and ${criterion.condition} #{criterion.value} and #{criterion.secondValue}
                </when>
                <when test="criterion.listValue">
                  and ${criterion.condition}
                  <foreach close=")" collection="criterion.value" item="listItem" open="(" separator=",">
                    #{listItem}
                  </foreach>
                </when>
              </choose>
            </foreach>
          </trim>
        </if>
      </foreach>
    </where>
  </sql>
  <sql id="Update_By_Example_Where_Clause">
    <!--
      WARNING - @mbg.generated
      This element is automatically generated by MyBatis Generator, do not modify.
      This element was generated on Thu Dec 05 17:41:02 GMT 2024.
    -->
    <where>
      <foreach collection="example.oredCriteria" item="criteria" separator="or">
        <if test="criteria.valid">
          <trim prefix="(" prefixOverrides="and" suffix=")">
            <foreach collection="criteria.criteria" item="criterion">
              <choose>
                <when test="criterion.noValue">
                  and ${criterion.condition}
                </when>
                <when test="criterion.singleValue">
                  and ${criterion.condition} #{criterion.value}
                </when>
                <when test="criterion.betweenValue">
                  and ${criterion.condition} #{criterion.value} and #{criterion.secondValue}
                </when>
                <when test="criterion.listValue">
                  and ${criterion.condition}
                  <foreach close=")" collection="criterion.value" item="listItem" open="(" separator=",">
                    #{listItem}
                  </foreach>
                </when>
              </choose>
            </foreach>
          </trim>
        </if>
      </foreach>
    </where>
  </sql>
  <sql id="Base_Column_List">
    <!--
      WARNING - @mbg.generated
      This element is automatically generated by MyBatis Generator, do not modify.
      This element was generated on Thu Dec 05 17:41:02 GMT 2024.
    -->
    id, hotel_id, room_type_id, update_time, create_time, is_deleted, room_number, room_key, 
    price_range_min, price_range_max
  </sql>
  <select id="selectByExample" parameterType="com.example.hotel.entity.RoomInfoExample" resultMap="BaseResultMap">
    <!--
      WARNING - @mbg.generated
      This element is automatically generated by MyBatis Generator, do not modify.
      This element was generated on Thu Dec 05 17:41:02 GMT 2024.
    -->
    select
    <if test="distinct">
      distinct
    </if>
    <include refid="Base_Column_List" />
    from room_info
    <if test="_parameter != null">
      <include refid="Example_Where_Clause" />
    </if>
    <if test="orderByClause != null">
      order by ${orderByClause}
    </if>
  </select>
  <select id="selectByPrimaryKey" parameterType="java.lang.Long" resultMap="BaseResultMap">
    <!--
      WARNING - @mbg.generated
      This element is automatically generated by MyBatis Generator, do not modify.
      This element was generated on Thu Dec 05 17:41:02 GMT 2024.
    -->
    select 
    <include refid="Base_Column_List" />
    from room_info
    where id = #{id,jdbcType=BIGINT}
  </select>
  <delete id="deleteByPrimaryKey" parameterType="java.lang.Long">
    <!--
      WARNING - @mbg.generated
      This element is automatically generated by MyBatis Generator, do not modify.
      This element was generated on Thu Dec 05 17:41:02 GMT 2024.
    -->
    delete from room_info
    where id = #{id,jdbcType=BIGINT}
  </delete>
  <delete id="deleteByExample" parameterType="com.example.hotel.entity.RoomInfoExample">
    <!--
      WARNING - @mbg.generated
      This element is automatically generated by MyBatis Generator, do not modify.
      This element was generated on Thu Dec 05 17:41:02 GMT 2024.
    -->
    delete from room_info
    <if test="_parameter != null">
      <include refid="Example_Where_Clause" />
    </if>
  </delete>
  <insert id="insert" parameterType="com.example.hotel.entity.RoomInfo">
    <!--
      WARNING - @mbg.generated
      This element is automatically generated by MyBatis Generator, do not modify.
      This element was generated on Thu Dec 05 17:41:02 GMT 2024.
    -->
    <selectKey keyProperty="id" order="AFTER" resultType="java.lang.Long">
      SELECT LAST_INSERT_ID()
    </selectKey>
    insert into room_info (hotel_id, room_type_id, update_time, 
      create_time, is_deleted, room_number, 
      room_key, price_range_min, price_range_max
      )
    values (#{hotelId,jdbcType=BIGINT}, #{roomTypeId,jdbcType=BIGINT}, #{updateTime,jdbcType=TIMESTAMP}, 
      #{createTime,jdbcType=TIMESTAMP}, #{isDeleted,jdbcType=TINYINT}, #{roomNumber,jdbcType=VARCHAR}, 
      #{roomKey,jdbcType=VARCHAR}, #{priceRangeMin,jdbcType=DOUBLE}, #{priceRangeMax,jdbcType=DOUBLE}
      )
  </insert>
  <insert id="insertSelective" parameterType="com.example.hotel.entity.RoomInfo">
    <!--
      WARNING - @mbg.generated
      This element is automatically generated by MyBatis Generator, do not modify.
      This element was generated on Thu Dec 05 17:41:02 GMT 2024.
    -->
    <selectKey keyProperty="id" order="AFTER" resultType="java.lang.Long">
      SELECT LAST_INSERT_ID()
    </selectKey>
    insert into room_info
    <trim prefix="(" suffix=")" suffixOverrides=",">
      <if test="hotelId != null">
        hotel_id,
      </if>
      <if test="roomTypeId != null">
        room_type_id,
      </if>
      <if test="updateTime != null">
        update_time,
      </if>
      <if test="createTime != null">
        create_time,
      </if>
      <if test="isDeleted != null">
        is_deleted,
      </if>
      <if test="roomNumber != null">
        room_number,
      </if>
      <if test="roomKey != null">
        room_key,
      </if>
      <if test="priceRangeMin != null">
        price_range_min,
      </if>
      <if test="priceRangeMax != null">
        price_range_max,
      </if>
    </trim>
    <trim prefix="values (" suffix=")" suffixOverrides=",">
      <if test="hotelId != null">
        #{hotelId,jdbcType=BIGINT},
      </if>
      <if test="roomTypeId != null">
        #{roomTypeId,jdbcType=BIGINT},
      </if>
      <if test="updateTime != null">
        #{updateTime,jdbcType=TIMESTAMP},
      </if>
      <if test="createTime != null">
        #{createTime,jdbcType=TIMESTAMP},
      </if>
      <if test="isDeleted != null">
        #{isDeleted,jdbcType=TINYINT},
      </if>
      <if test="roomNumber != null">
        #{roomNumber,jdbcType=VARCHAR},
      </if>
      <if test="roomKey != null">
        #{roomKey,jdbcType=VARCHAR},
      </if>
      <if test="priceRangeMin != null">
        #{priceRangeMin,jdbcType=DOUBLE},
      </if>
      <if test="priceRangeMax != null">
        #{priceRangeMax,jdbcType=DOUBLE},
      </if>
    </trim>
  </insert>
  <select id="countByExample" parameterType="com.example.hotel.entity.RoomInfoExample" resultType="java.lang.Long">
    <!--
      WARNING - @mbg.generated
      This element is automatically generated by MyBatis Generator, do not modify.
      This element was generated on Thu Dec 05 17:41:02 GMT 2024.
    -->
    select count(*) from room_info
    <if test="_parameter != null">
      <include refid="Example_Where_Clause" />
    </if>
  </select>
  <update id="updateByExampleSelective" parameterType="map">
    <!--
      WARNING - @mbg.generated
      This element is automatically generated by MyBatis Generator, do not modify.
      This element was generated on Thu Dec 05 17:41:02 GMT 2024.
    -->
    update room_info
    <set>
      <if test="row.id != null">
        id = #{row.id,jdbcType=BIGINT},
      </if>
      <if test="row.hotelId != null">
        hotel_id = #{row.hotelId,jdbcType=BIGINT},
      </if>
      <if test="row.roomTypeId != null">
        room_type_id = #{row.roomTypeId,jdbcType=BIGINT},
      </if>
      <if test="row.updateTime != null">
        update_time = #{row.updateTime,jdbcType=TIMESTAMP},
      </if>
      <if test="row.createTime != null">
        create_time = #{row.createTime,jdbcType=TIMESTAMP},
      </if>
      <if test="row.isDeleted != null">
        is_deleted = #{row.isDeleted,jdbcType=TINYINT},
      </if>
      <if test="row.roomNumber != null">
        room_number = #{row.roomNumber,jdbcType=VARCHAR},
      </if>
      <if test="row.roomKey != null">
        room_key = #{row.roomKey,jdbcType=VARCHAR},
      </if>
      <if test="row.priceRangeMin != null">
        price_range_min = #{row.priceRangeMin,jdbcType=DOUBLE},
      </if>
      <if test="row.priceRangeMax != null">
        price_range_max = #{row.priceRangeMax,jdbcType=DOUBLE},
      </if>
    </set>
    <if test="example != null">
      <include refid="Update_By_Example_Where_Clause" />
    </if>
  </update>
  <update id="updateByExample" parameterType="map">
    <!--
      WARNING - @mbg.generated
      This element is automatically generated by MyBatis Generator, do not modify.
      This element was generated on Thu Dec 05 17:41:02 GMT 2024.
    -->
    update room_info
    set id = #{row.id,jdbcType=BIGINT},
      hotel_id = #{row.hotelId,jdbcType=BIGINT},
      room_type_id = #{row.roomTypeId,jdbcType=BIGINT},
      update_time = #{row.updateTime,jdbcType=TIMESTAMP},
      create_time = #{row.createTime,jdbcType=TIMESTAMP},
      is_deleted = #{row.isDeleted,jdbcType=TINYINT},
      room_number = #{row.roomNumber,jdbcType=VARCHAR},
      room_key = #{row.roomKey,jdbcType=VARCHAR},
      price_range_min = #{row.priceRangeMin,jdbcType=DOUBLE},
      price_range_max = #{row.priceRangeMax,jdbcType=DOUBLE}
    <if test="example != null">
      <include refid="Update_By_Example_Where_Clause" />
    </if>
  </update>
  <update id="updateByPrimaryKeySelective" parameterType="com.example.hotel.entity.RoomInfo">
    <!--
      WARNING - @mbg.generated
      This element is automatically generated by MyBatis Generator, do not modify.
      This element was generated on Thu Dec 05 17:41:02 GMT 2024.
    -->
    update room_info
    <set>
      <if test="hotelId != null">
        hotel_id = #{hotelId,jdbcType=BIGINT},
      </if>
      <if test="roomTypeId != null">
        room_type_id = #{roomTypeId,jdbcType=BIGINT},
      </if>
      <if test="updateTime != null">
        update_time = #{updateTime,jdbcType=TIMESTAMP},
      </if>
      <if test="createTime != null">
        create_time = #{createTime,jdbcType=TIMESTAMP},
      </if>
      <if test="isDeleted != null">
        is_deleted = #{isDeleted,jdbcType=TINYINT},
      </if>
      <if test="roomNumber != null">
        room_number = #{roomNumber,jdbcType=VARCHAR},
      </if>
      <if test="roomKey != null">
        room_key = #{roomKey,jdbcType=VARCHAR},
      </if>
      <if test="priceRangeMin != null">
        price_range_min = #{priceRangeMin,jdbcType=DOUBLE},
      </if>
      <if test="priceRangeMax != null">
        price_range_max = #{priceRangeMax,jdbcType=DOUBLE},
      </if>
    </set>
    where id = #{id,jdbcType=BIGINT}
  </update>
  <update id="updateByPrimaryKey" parameterType="com.example.hotel.entity.RoomInfo">
    <!--
      WARNING - @mbg.generated
      This element is automatically generated by MyBatis Generator, do not modify.
      This element was generated on Thu Dec 05 17:41:02 GMT 2024.
    -->
    update room_info
    set hotel_id = #{hotelId,jdbcType=BIGINT},
      room_type_id = #{roomTypeId,jdbcType=BIGINT},
      update_time = #{updateTime,jdbcType=TIMESTAMP},
      create_time = #{createTime,jdbcType=TIMESTAMP},
      is_deleted = #{isDeleted,jdbcType=TINYINT},
      room_number = #{roomNumber,jdbcType=VARCHAR},
      room_key = #{roomKey,jdbcType=VARCHAR},
      price_range_min = #{priceRangeMin,jdbcType=DOUBLE},
      price_range_max = #{priceRangeMax,jdbcType=DOUBLE}
    where id = #{id,jdbcType=BIGINT}
  </update>
</mapper>