<?xml version="1.0" encoding="UTF-8"?>
<!DOCTYPE mapper PUBLIC "-//mybatis.org//DTD Mapper 3.0//EN" "http://mybatis.org/dtd/mybatis-3-mapper.dtd">
<mapper namespace="com.example.hotel.mapper.RoomTypeInfoMapper">
  <resultMap id="BaseResultMap" type="com.example.hotel.entity.RoomTypeInfo">
    <!--
      WARNING - @mbg.generated
      This element is automatically generated by MyBatis Generator, do not modify.
      This element was generated on Wed Nov 06 01:15:54 GMT 2024.
    -->
    <id column="id" jdbcType="BIGINT" property="id" />
    <result column="hotel_id" jdbcType="BIGINT" property="hotelId" />
    <result column="type_name" jdbcType="VARCHAR" property="typeName" />
    <result column="update_time" jdbcType="TIMESTAMP" property="updateTime" />
    <result column="create_time" jdbcType="TIMESTAMP" property="createTime" />
    <result column="is_deleted" jdbcType="TINYINT" property="isDeleted" />
    <result column="type" jdbcType="TINYINT" property="type" />
    <result column="weekday_price" jdbcType="DECIMAL" property="weekdayPrice" />
    <result column="weekend_price" jdbcType="DECIMAL" property="weekendPrice" />
    <result column="room_count" jdbcType="INTEGER" property="roomCount" />
    <result column="max_quantity" jdbcType="INTEGER" property="maxQuantity" />
  </resultMap>
  <sql id="Example_Where_Clause">
    <!--
      WARNING - @mbg.generated
      This element is automatically generated by MyBatis Generator, do not modify.
      This element was generated on Wed Nov 06 01:15:54 GMT 2024.
    -->
    <where>
      <foreach collection="oredCriteria" item="criteria" separator="or">
        <if test="criteria.valid">
          <trim prefix="(" prefixOverrides="and" suffix=")">
            <foreach collection="criteria.criteria" item="criterion">
              <choose>
                <when test="criterion.noValue">
                  and ${criterion.condition}
                </when>
                <when test="criterion.singleValue">
                  and ${criterion.condition} #{criterion.value}
                </when>
                <when test="criterion.betweenValue">
                  and ${criterion.condition} #{criterion.value} and #{criterion.secondValue}
                </when>
                <when test="criterion.listValue">
                  and ${criterion.condition}
                  <foreach close=")" collection="criterion.value" item="listItem" open="(" separator=",">
                    #{listItem}
                  </foreach>
                </when>
              </choose>
            </foreach>
          </trim>
        </if>
      </foreach>
    </where>
  </sql>
  <sql id="Update_By_Example_Where_Clause">
    <!--
      WARNING - @mbg.generated
      This element is automatically generated by MyBatis Generator, do not modify.
      This element was generated on Wed Nov 06 01:15:54 GMT 2024.
    -->
    <where>
      <foreach collection="example.oredCriteria" item="criteria" separator="or">
        <if test="criteria.valid">
          <trim prefix="(" prefixOverrides="and" suffix=")">
            <foreach collection="criteria.criteria" item="criterion">
              <choose>
                <when test="criterion.noValue">
                  and ${criterion.condition}
                </when>
                <when test="criterion.singleValue">
                  and ${criterion.condition} #{criterion.value}
                </when>
                <when test="criterion.betweenValue">
                  and ${criterion.condition} #{criterion.value} and #{criterion.secondValue}
                </when>
                <when test="criterion.listValue">
                  and ${criterion.condition}
                  <foreach close=")" collection="criterion.value" item="listItem" open="(" separator=",">
                    #{listItem}
                  </foreach>
                </when>
              </choose>
            </foreach>
          </trim>
        </if>
      </foreach>
    </where>
  </sql>
  <sql id="Base_Column_List">
    <!--
      WARNING - @mbg.generated
      This element is automatically generated by MyBatis Generator, do not modify.
      This element was generated on Wed Nov 06 01:15:54 GMT 2024.
    -->
    id, hotel_id, type_name, update_time, create_time, is_deleted, type, weekday_price, 
    weekend_price, room_count, max_quantity
  </sql>
  <select id="selectByExample" parameterType="com.example.hotel.entity.RoomTypeInfoExample" resultMap="BaseResultMap">
    <!--
      WARNING - @mbg.generated
      This element is automatically generated by MyBatis Generator, do not modify.
      This element was generated on Wed Nov 06 01:15:54 GMT 2024.
    -->
    select
    <if test="distinct">
      distinct
    </if>
    <include refid="Base_Column_List" />
    from room_type_info
    <if test="_parameter != null">
      <include refid="Example_Where_Clause" />
    </if>
    <if test="orderByClause != null">
      order by ${orderByClause}
    </if>
  </select>
  <select id="selectByPrimaryKey" parameterType="java.lang.Long" resultMap="BaseResultMap">
    <!--
      WARNING - @mbg.generated
      This element is automatically generated by MyBatis Generator, do not modify.
      This element was generated on Wed Nov 06 01:15:54 GMT 2024.
    -->
    select 
    <include refid="Base_Column_List" />
    from room_type_info
    where id = #{id,jdbcType=BIGINT}
  </select>
  <delete id="deleteByPrimaryKey" parameterType="java.lang.Long">
    <!--
      WARNING - @mbg.generated
      This element is automatically generated by MyBatis Generator, do not modify.
      This element was generated on Wed Nov 06 01:15:54 GMT 2024.
    -->
    delete from room_type_info
    where id = #{id,jdbcType=BIGINT}
  </delete>
  <delete id="deleteByExample" parameterType="com.example.hotel.entity.RoomTypeInfoExample">
    <!--
      WARNING - @mbg.generated
      This element is automatically generated by MyBatis Generator, do not modify.
      This element was generated on Wed Nov 06 01:15:54 GMT 2024.
    -->
    delete from room_type_info
    <if test="_parameter != null">
      <include refid="Example_Where_Clause" />
    </if>
  </delete>
  <insert id="insert" keyColumn="id" keyProperty="id" parameterType="com.example.hotel.entity.RoomTypeInfo" useGeneratedKeys="true">
    <!--
      WARNING - @mbg.generated
      This element is automatically generated by MyBatis Generator, do not modify.
      This element was generated on Wed Nov 06 01:15:54 GMT 2024.
    -->
    insert into room_type_info (hotel_id, type_name, update_time, 
      create_time, is_deleted, type, 
      weekday_price, weekend_price, room_count, 
      max_quantity)
    values (#{hotelId,jdbcType=BIGINT}, #{typeName,jdbcType=VARCHAR}, #{updateTime,jdbcType=TIMESTAMP}, 
      #{createTime,jdbcType=TIMESTAMP}, #{isDeleted,jdbcType=TINYINT}, #{type,jdbcType=TINYINT}, 
      #{weekdayPrice,jdbcType=DECIMAL}, #{weekendPrice,jdbcType=DECIMAL}, #{roomCount,jdbcType=INTEGER}, 
      #{maxQuantity,jdbcType=INTEGER})
  </insert>
  <insert id="insertSelective" keyColumn="id" keyProperty="id" parameterType="com.example.hotel.entity.RoomTypeInfo" useGeneratedKeys="true">
    <!--
      WARNING - @mbg.generated
      This element is automatically generated by MyBatis Generator, do not modify.
      This element was generated on Wed Nov 06 01:15:54 GMT 2024.
    -->
    insert into room_type_info
    <trim prefix="(" suffix=")" suffixOverrides=",">
      <if test="hotelId != null">
        hotel_id,
      </if>
      <if test="typeName != null">
        type_name,
      </if>
      <if test="updateTime != null">
        update_time,
      </if>
      <if test="createTime != null">
        create_time,
      </if>
      <if test="isDeleted != null">
        is_deleted,
      </if>
      <if test="type != null">
        type,
      </if>
      <if test="weekdayPrice != null">
        weekday_price,
      </if>
      <if test="weekendPrice != null">
        weekend_price,
      </if>
      <if test="roomCount != null">
        room_count,
      </if>
      <if test="maxQuantity != null">
        max_quantity,
      </if>
    </trim>
    <trim prefix="values (" suffix=")" suffixOverrides=",">
      <if test="hotelId != null">
        #{hotelId,jdbcType=BIGINT},
      </if>
      <if test="typeName != null">
        #{typeName,jdbcType=VARCHAR},
      </if>
      <if test="updateTime != null">
        #{updateTime,jdbcType=TIMESTAMP},
      </if>
      <if test="createTime != null">
        #{createTime,jdbcType=TIMESTAMP},
      </if>
      <if test="isDeleted != null">
        #{isDeleted,jdbcType=TINYINT},
      </if>
      <if test="type != null">
        #{type,jdbcType=TINYINT},
      </if>
      <if test="weekdayPrice != null">
        #{weekdayPrice,jdbcType=DECIMAL},
      </if>
      <if test="weekendPrice != null">
        #{weekendPrice,jdbcType=DECIMAL},
      </if>
      <if test="roomCount != null">
        #{roomCount,jdbcType=INTEGER},
      </if>
      <if test="maxQuantity != null">
        #{maxQuantity,jdbcType=INTEGER},
      </if>
    </trim>
  </insert>
  <select id="countByExample" parameterType="com.example.hotel.entity.RoomTypeInfoExample" resultType="java.lang.Long">
    <!--
      WARNING - @mbg.generated
      This element is automatically generated by MyBatis Generator, do not modify.
      This element was generated on Wed Nov 06 01:15:54 GMT 2024.
    -->
    select count(*) from room_type_info
    <if test="_parameter != null">
      <include refid="Example_Where_Clause" />
    </if>
  </select>
  <update id="updateByExampleSelective" parameterType="map">
    <!--
      WARNING - @mbg.generated
      This element is automatically generated by MyBatis Generator, do not modify.
      This element was generated on Wed Nov 06 01:15:54 GMT 2024.
    -->
    update room_type_info
    <set>
      <if test="row.id != null">
        id = #{row.id,jdbcType=BIGINT},
      </if>
      <if test="row.hotelId != null">
        hotel_id = #{row.hotelId,jdbcType=BIGINT},
      </if>
      <if test="row.typeName != null">
        type_name = #{row.typeName,jdbcType=VARCHAR},
      </if>
      <if test="row.updateTime != null">
        update_time = #{row.updateTime,jdbcType=TIMESTAMP},
      </if>
      <if test="row.createTime != null">
        create_time = #{row.createTime,jdbcType=TIMESTAMP},
      </if>
      <if test="row.isDeleted != null">
        is_deleted = #{row.isDeleted,jdbcType=TINYINT},
      </if>
      <if test="row.type != null">
        type = #{row.type,jdbcType=TINYINT},
      </if>
      <if test="row.weekdayPrice != null">
        weekday_price = #{row.weekdayPrice,jdbcType=DECIMAL},
      </if>
      <if test="row.weekendPrice != null">
        weekend_price = #{row.weekendPrice,jdbcType=DECIMAL},
      </if>
      <if test="row.roomCount != null">
        room_count = #{row.roomCount,jdbcType=INTEGER},
      </if>
      <if test="row.maxQuantity != null">
        max_quantity = #{row.maxQuantity,jdbcType=INTEGER},
      </if>
    </set>
    <if test="example != null">
      <include refid="Update_By_Example_Where_Clause" />
    </if>
  </update>
  <update id="updateByExample" parameterType="map">
    <!--
      WARNING - @mbg.generated
      This element is automatically generated by MyBatis Generator, do not modify.
      This element was generated on Wed Nov 06 01:15:54 GMT 2024.
    -->
    update room_type_info
    set id = #{row.id,jdbcType=BIGINT},
      hotel_id = #{row.hotelId,jdbcType=BIGINT},
      type_name = #{row.typeName,jdbcType=VARCHAR},
      update_time = #{row.updateTime,jdbcType=TIMESTAMP},
      create_time = #{row.createTime,jdbcType=TIMESTAMP},
      is_deleted = #{row.isDeleted,jdbcType=TINYINT},
      type = #{row.type,jdbcType=TINYINT},
      weekday_price = #{row.weekdayPrice,jdbcType=DECIMAL},
      weekend_price = #{row.weekendPrice,jdbcType=DECIMAL},
      room_count = #{row.roomCount,jdbcType=INTEGER},
      max_quantity = #{row.maxQuantity,jdbcType=INTEGER}
    <if test="example != null">
      <include refid="Update_By_Example_Where_Clause" />
    </if>
  </update>
  <update id="updateByPrimaryKeySelective" parameterType="com.example.hotel.entity.RoomTypeInfo">
    <!--
      WARNING - @mbg.generated
      This element is automatically generated by MyBatis Generator, do not modify.
      This element was generated on Wed Nov 06 01:15:54 GMT 2024.
    -->
    update room_type_info
    <set>
      <if test="hotelId != null">
        hotel_id = #{hotelId,jdbcType=BIGINT},
      </if>
      <if test="typeName != null">
        type_name = #{typeName,jdbcType=VARCHAR},
      </if>
      <if test="updateTime != null">
        update_time = #{updateTime,jdbcType=TIMESTAMP},
      </if>
      <if test="createTime != null">
        create_time = #{createTime,jdbcType=TIMESTAMP},
      </if>
      <if test="isDeleted != null">
        is_deleted = #{isDeleted,jdbcType=TINYINT},
      </if>
      <if test="type != null">
        type = #{type,jdbcType=TINYINT},
      </if>
      <if test="weekdayPrice != null">
        weekday_price = #{weekdayPrice,jdbcType=DECIMAL},
      </if>
      <if test="weekendPrice != null">
        weekend_price = #{weekendPrice,jdbcType=DECIMAL},
      </if>
      <if test="roomCount != null">
        room_count = #{roomCount,jdbcType=INTEGER},
      </if>
      <if test="maxQuantity != null">
        max_quantity = #{maxQuantity,jdbcType=INTEGER},
      </if>
    </set>
    where id = #{id,jdbcType=BIGINT}
  </update>
  <update id="updateByPrimaryKey" parameterType="com.example.hotel.entity.RoomTypeInfo">
    <!--
      WARNING - @mbg.generated
      This element is automatically generated by MyBatis Generator, do not modify.
      This element was generated on Wed Nov 06 01:15:54 GMT 2024.
    -->
    update room_type_info
    set hotel_id = #{hotelId,jdbcType=BIGINT},
      type_name = #{typeName,jdbcType=VARCHAR},
      update_time = #{updateTime,jdbcType=TIMESTAMP},
      create_time = #{createTime,jdbcType=TIMESTAMP},
      is_deleted = #{isDeleted,jdbcType=TINYINT},
      type = #{type,jdbcType=TINYINT},
      weekday_price = #{weekdayPrice,jdbcType=DECIMAL},
      weekend_price = #{weekendPrice,jdbcType=DECIMAL},
      room_count = #{roomCount,jdbcType=INTEGER},
      max_quantity = #{maxQuantity,jdbcType=INTEGER}
    where id = #{id,jdbcType=BIGINT}
  </update>
</mapper>