<?xml version="1.0" encoding="UTF-8"?>
<!DOCTYPE mapper PUBLIC "-//mybatis.org//DTD Mapper 3.0//EN" "http://mybatis.org/dtd/mybatis-3-mapper.dtd">
<mapper namespace="com.example.hotel.mapper.UserMapper">
  <resultMap id="BaseResultMap" type="com.example.hotel.entity.User">
    <!--
      WARNING - @mbg.generated
      This element is automatically generated by MyBatis Generator, do not modify.
      This element was generated on Sat Nov 09 02:40:34 GMT 2024.
    -->
    <result column="id" jdbcType="BIGINT" property="id" />
    <result column="user_id" jdbcType="VARCHAR" property="userId" />
    <result column="email" jdbcType="VARCHAR" property="email" />
    <result column="phone" jdbcType="VARCHAR" property="phone" />
    <result column="user_name" jdbcType="VARCHAR" property="userName" />
    <result column="password" jdbcType="VARCHAR" property="password" />
    <result column="user_type" jdbcType="TINYINT" property="userType" />
    <result column="member_ship" jdbcType="TINYINT" property="memberShip" />
    <result column="salt" jdbcType="VARCHAR" property="salt" />
    <result column="update_time" jdbcType="TIMESTAMP" property="updateTime" />
    <result column="create_time" jdbcType="TIMESTAMP" property="createTime" />
    <result column="is_deleted" jdbcType="TINYINT" property="isDeleted" />
  </resultMap>
  <sql id="Example_Where_Clause">
    <!--
      WARNING - @mbg.generated
      This element is automatically generated by MyBatis Generator, do not modify.
      This element was generated on Sat Nov 09 02:40:34 GMT 2024.
    -->
    <where>
      <foreach collection="oredCriteria" item="criteria" separator="or">
        <if test="criteria.valid">
          <trim prefix="(" prefixOverrides="and" suffix=")">
            <foreach collection="criteria.criteria" item="criterion">
              <choose>
                <when test="criterion.noValue">
                  and ${criterion.condition}
                </when>
                <when test="criterion.singleValue">
                  and ${criterion.condition} #{criterion.value}
                </when>
                <when test="criterion.betweenValue">
                  and ${criterion.condition} #{criterion.value} and #{criterion.secondValue}
                </when>
                <when test="criterion.listValue">
                  and ${criterion.condition}
                  <foreach close=")" collection="criterion.value" item="listItem" open="(" separator=",">
                    #{listItem}
                  </foreach>
                </when>
              </choose>
            </foreach>
          </trim>
        </if>
      </foreach>
    </where>
  </sql>
  <sql id="Update_By_Example_Where_Clause">
    <!--
      WARNING - @mbg.generated
      This element is automatically generated by MyBatis Generator, do not modify.
      This element was generated on Sat Nov 09 02:40:34 GMT 2024.
    -->
    <where>
      <foreach collection="example.oredCriteria" item="criteria" separator="or">
        <if test="criteria.valid">
          <trim prefix="(" prefixOverrides="and" suffix=")">
            <foreach collection="criteria.criteria" item="criterion">
              <choose>
                <when test="criterion.noValue">
                  and ${criterion.condition}
                </when>
                <when test="criterion.singleValue">
                  and ${criterion.condition} #{criterion.value}
                </when>
                <when test="criterion.betweenValue">
                  and ${criterion.condition} #{criterion.value} and #{criterion.secondValue}
                </when>
                <when test="criterion.listValue">
                  and ${criterion.condition}
                  <foreach close=")" collection="criterion.value" item="listItem" open="(" separator=",">
                    #{listItem}
                  </foreach>
                </when>
              </choose>
            </foreach>
          </trim>
        </if>
      </foreach>
    </where>
  </sql>
  <sql id="Base_Column_List">
    <!--
      WARNING - @mbg.generated
      This element is automatically generated by MyBatis Generator, do not modify.
      This element was generated on Sat Nov 09 02:40:34 GMT 2024.
    -->
    id, user_id, email, phone, user_name, password, user_type, member_ship, salt, update_time, 
    create_time, is_deleted
  </sql>
  <select id="selectByExample" parameterType="com.example.hotel.entity.UserExample" resultMap="BaseResultMap">
    <!--
      WARNING - @mbg.generated
      This element is automatically generated by MyBatis Generator, do not modify.
      This element was generated on Sat Nov 09 02:40:34 GMT 2024.
    -->
    select
    <if test="distinct">
      distinct
    </if>
    <include refid="Base_Column_List" />
    from user
    <if test="_parameter != null">
      <include refid="Example_Where_Clause" />
    </if>
    <if test="orderByClause != null">
      order by ${orderByClause}
    </if>
  </select>
  <delete id="deleteByExample" parameterType="com.example.hotel.entity.UserExample">
    <!--
      WARNING - @mbg.generated
      This element is automatically generated by MyBatis Generator, do not modify.
      This element was generated on Sat Nov 09 02:40:34 GMT 2024.
    -->
    delete from user
    <if test="_parameter != null">
      <include refid="Example_Where_Clause" />
    </if>
  </delete>
  <insert id="insert" keyColumn="id" keyProperty="id" parameterType="com.example.hotel.entity.User" useGeneratedKeys="true">
    <!--
      WARNING - @mbg.generated
      This element is automatically generated by MyBatis Generator, do not modify.
      This element was generated on Sat Nov 09 02:40:34 GMT 2024.
    -->
    insert into user (user_id, email, phone, 
      user_name, password, user_type, 
      member_ship, salt, update_time, 
      create_time, is_deleted)
    values (#{userId,jdbcType=VARCHAR}, #{email,jdbcType=VARCHAR}, #{phone,jdbcType=VARCHAR}, 
      #{userName,jdbcType=VARCHAR}, #{password,jdbcType=VARCHAR}, #{userType,jdbcType=TINYINT}, 
      #{memberShip,jdbcType=TINYINT}, #{salt,jdbcType=VARCHAR}, #{updateTime,jdbcType=TIMESTAMP}, 
      #{createTime,jdbcType=TIMESTAMP}, #{isDeleted,jdbcType=TINYINT})
  </insert>
  <insert id="insertSelective" keyColumn="id" keyProperty="id" parameterType="com.example.hotel.entity.User" useGeneratedKeys="true">
    <!--
      WARNING - @mbg.generated
      This element is automatically generated by MyBatis Generator, do not modify.
      This element was generated on Sat Nov 09 02:40:34 GMT 2024.
    -->
    insert into user
    <trim prefix="(" suffix=")" suffixOverrides=",">
      <if test="userId != null">
        user_id,
      </if>
      <if test="email != null">
        email,
      </if>
      <if test="phone != null">
        phone,
      </if>
      <if test="userName != null">
        user_name,
      </if>
      <if test="password != null">
        password,
      </if>
      <if test="userType != null">
        user_type,
      </if>
      <if test="memberShip != null">
        member_ship,
      </if>
      <if test="salt != null">
        salt,
      </if>
      <if test="updateTime != null">
        update_time,
      </if>
      <if test="createTime != null">
        create_time,
      </if>
      <if test="isDeleted != null">
        is_deleted,
      </if>
    </trim>
    <trim prefix="values (" suffix=")" suffixOverrides=",">
      <if test="userId != null">
        #{userId,jdbcType=VARCHAR},
      </if>
      <if test="email != null">
        #{email,jdbcType=VARCHAR},
      </if>
      <if test="phone != null">
        #{phone,jdbcType=VARCHAR},
      </if>
      <if test="userName != null">
        #{userName,jdbcType=VARCHAR},
      </if>
      <if test="password != null">
        #{password,jdbcType=VARCHAR},
      </if>
      <if test="userType != null">
        #{userType,jdbcType=TINYINT},
      </if>
      <if test="memberShip != null">
        #{memberShip,jdbcType=TINYINT},
      </if>
      <if test="salt != null">
        #{salt,jdbcType=VARCHAR},
      </if>
      <if test="updateTime != null">
        #{updateTime,jdbcType=TIMESTAMP},
      </if>
      <if test="createTime != null">
        #{createTime,jdbcType=TIMESTAMP},
      </if>
      <if test="isDeleted != null">
        #{isDeleted,jdbcType=TINYINT},
      </if>
    </trim>
  </insert>
  <select id="countByExample" parameterType="com.example.hotel.entity.UserExample" resultType="java.lang.Long">
    <!--
      WARNING - @mbg.generated
      This element is automatically generated by MyBatis Generator, do not modify.
      This element was generated on Sat Nov 09 02:40:34 GMT 2024.
    -->
    select count(*) from user
    <if test="_parameter != null">
      <include refid="Example_Where_Clause" />
    </if>
  </select>
  <update id="updateByExampleSelective" parameterType="map">
    <!--
      WARNING - @mbg.generated
      This element is automatically generated by MyBatis Generator, do not modify.
      This element was generated on Sat Nov 09 02:40:34 GMT 2024.
    -->
    update user
    <set>
      <if test="row.id != null">
        id = #{row.id,jdbcType=BIGINT},
      </if>
      <if test="row.userId != null">
        user_id = #{row.userId,jdbcType=VARCHAR},
      </if>
      <if test="row.email != null">
        email = #{row.email,jdbcType=VARCHAR},
      </if>
      <if test="row.phone != null">
        phone = #{row.phone,jdbcType=VARCHAR},
      </if>
      <if test="row.userName != null">
        user_name = #{row.userName,jdbcType=VARCHAR},
      </if>
      <if test="row.password != null">
        password = #{row.password,jdbcType=VARCHAR},
      </if>
      <if test="row.userType != null">
        user_type = #{row.userType,jdbcType=TINYINT},
      </if>
      <if test="row.memberShip != null">
        member_ship = #{row.memberShip,jdbcType=TINYINT},
      </if>
      <if test="row.salt != null">
        salt = #{row.salt,jdbcType=VARCHAR},
      </if>
      <if test="row.updateTime != null">
        update_time = #{row.updateTime,jdbcType=TIMESTAMP},
      </if>
      <if test="row.createTime != null">
        create_time = #{row.createTime,jdbcType=TIMESTAMP},
      </if>
      <if test="row.isDeleted != null">
        is_deleted = #{row.isDeleted,jdbcType=TINYINT},
      </if>
    </set>
    <if test="example != null">
      <include refid="Update_By_Example_Where_Clause" />
    </if>
  </update>
  <update id="updateByExample" parameterType="map">
    <!--
      WARNING - @mbg.generated
      This element is automatically generated by MyBatis Generator, do not modify.
      This element was generated on Sat Nov 09 02:40:34 GMT 2024.
    -->
    update user
    set id = #{row.id,jdbcType=BIGINT},
      user_id = #{row.userId,jdbcType=VARCHAR},
      email = #{row.email,jdbcType=VARCHAR},
      phone = #{row.phone,jdbcType=VARCHAR},
      user_name = #{row.userName,jdbcType=VARCHAR},
      password = #{row.password,jdbcType=VARCHAR},
      user_type = #{row.userType,jdbcType=TINYINT},
      member_ship = #{row.memberShip,jdbcType=TINYINT},
      salt = #{row.salt,jdbcType=VARCHAR},
      update_time = #{row.updateTime,jdbcType=TIMESTAMP},
      create_time = #{row.createTime,jdbcType=TIMESTAMP},
      is_deleted = #{row.isDeleted,jdbcType=TINYINT}
    <if test="example != null">
      <include refid="Update_By_Example_Where_Clause" />
    </if>
  </update>
</mapper>